-- INSERTS para la tabla 'categorias'
INSERT INTO categorias (nombre, descripcion, activo) VALUES (N'Electricidad e Iluminación', N'Categoría de electricidad e iluminación', 1);
INSERT INTO categorias (nombre, descripcion, activo) VALUES (N'Gasfitería, Pintura y Adhesivos', N'Categoría de gasfitería, pintura y adhesivos', 1);
INSERT INTO categorias (nombre, descripcion, activo) VALUES (N'Herramientas de Construcción y Fijación', N'Categoría de herramientas de construcción y fijación', 1);
INSERT INTO categorias (nombre, descripcion, activo) VALUES (N'Herramientas Eléctricas y Accesorios', N'Categoría de herramientas eléctricas y accesorios', 1);
INSERT INTO categorias (nombre, descripcion, activo) VALUES (N'Herramientas Manuales', N'Categoría de herramientas manuales', 1);


-- INSERTS para la tabla 'subcategorias'
INSERT INTO subcategorias (id_categoria, nombre, descripcion, activo) VALUES (1, N'Cables y Conductores', N'Subcategoría de cables y conductores', 1);
INSERT INTO subcategorias (id_categoria, nombre, descripcion, activo) VALUES (1, N'Interruptores y Tomacorrientes', N'Subcategoría de interruptores y tomacorrientes', 1);
INSERT INTO subcategorias (id_categoria, nombre, descripcion, activo) VALUES (1, N'Luminarias', N'Subcategoría de luminarias', 1);
INSERT INTO subcategorias (id_categoria, nombre, descripcion, activo) VALUES (1, N'Focos y Bombillas', N'Subcategoría de focos y bombillas', 1);
INSERT INTO subcategorias (id_categoria, nombre, descripcion, activo) VALUES (1, N'Material Eléctrico', N'Subcategoría de material eléctrico', 1);
INSERT INTO subcategorias (id_categoria, nombre, descripcion, activo) VALUES (2, N'Tuberías y Conexiones', N'Subcategoría de tuberías y conexiones', 1);
INSERT INTO subcategorias (id_categoria, nombre, descripcion, activo) VALUES (2, N'Grifería', N'Subcategoría de grifería', 1);
INSERT INTO subcategorias (id_categoria, nombre, descripcion, activo) VALUES (2, N'Pinturas', N'Subcategoría de pinturas', 1);
INSERT INTO subcategorias (id_categoria, nombre, descripcion, activo) VALUES (2, N'Selladores y Adhesivos', N'Subcategoría de selladores y adhesivos', 1);
INSERT INTO subcategorias (id_categoria, nombre, descripcion, activo) VALUES (2, N'Accesorios de Gasfitería', N'Subcategoría de accesorios de gasfitería', 1);
INSERT INTO subcategorias (id_categoria, nombre, descripcion, activo) VALUES (3, N'Cerrajería', N'Subcategoría de cerrajería', 1);
INSERT INTO subcategorias (id_categoria, nombre, descripcion, activo) VALUES (3, N'Fijaciones', N'Subcategoría de fijaciones', 1);
INSERT INTO subcategorias (id_categoria, nombre, descripcion, activo) VALUES (3, N'Medición y Trazo', N'Subcategoría de medición y trazo', 1);
INSERT INTO subcategorias (id_categoria, nombre, descripcion, activo) VALUES (3, N'Seguridad Industrial', N'Subcategoría de seguridad industrial', 1);
INSERT INTO subcategorias (id_categoria, nombre, descripcion, activo) VALUES (3, N'Materiales de Construcción', N'Subcategoría de materiales de construcción', 1);
INSERT INTO subcategorias (id_categoria, nombre, descripcion, activo) VALUES (4, N'Taladros', N'Subcategoría de taladros', 1);
INSERT INTO subcategorias (id_categoria, nombre, descripcion, activo) VALUES (4, N'Esmeriles', N'Subcategoría de esmeriles', 1);
INSERT INTO subcategorias (id_categoria, nombre, descripcion, activo) VALUES (4, N'Sierras Eléctricas', N'Subcategoría de sierras eléctricas', 1);
INSERT INTO subcategorias (id_categoria, nombre, descripcion, activo) VALUES (4, N'Accesorios para Herramientas Eléctricas', N'Subcategoría de accesorios para herramientas eléctricas', 1);
INSERT INTO subcategorias (id_categoria, nombre, descripcion, activo) VALUES (4, N'Baterías y Cargadores', N'Subcategoría de baterías y cargadores', 1);
INSERT INTO subcategorias (id_categoria, nombre, descripcion, activo) VALUES (5, N'Alicates y Pinzas', N'Subcategoría de alicates y pinzas', 1);
INSERT INTO subcategorias (id_categoria, nombre, descripcion, activo) VALUES (5, N'Destornilladores', N'Subcategoría de destornilladores', 1);
INSERT INTO subcategorias (id_categoria, nombre, descripcion, activo) VALUES (5, N'Martillos', N'Subcategoría de martillos', 1);
INSERT INTO subcategorias (id_categoria, nombre, descripcion, activo) VALUES (5, N'Llaves', N'Subcategoría de llaves', 1);
INSERT INTO subcategorias (id_categoria, nombre, descripcion, activo) VALUES (5, N'Herramientas de Corte', N'Subcategoría de herramientas de corte', 1);


-- INSERTS para la tabla 'marcas'
INSERT INTO marcas (nombre, pais_origen, activo) VALUES (N'Bosch', N'Alemania', 1);
INSERT INTO marcas (nombre, pais_origen, activo) VALUES (N'DeWalt', N'Estados Unidos', 1);
INSERT INTO marcas (nombre, pais_origen, activo) VALUES (N'Makita', N'Japón', 1);
INSERT INTO marcas (nombre, pais_origen, activo) VALUES (N'Stanley', N'Estados Unidos', 1);
INSERT INTO marcas (nombre, pais_origen, activo) VALUES (N'Truper', N'México', 1);
INSERT INTO marcas (nombre, pais_origen, activo) VALUES (N'Sika', N'Suiza', 1);
INSERT INTO marcas (nombre, pais_origen, activo) VALUES (N'Pinturas CPP', N'Perú', 1);
INSERT INTO marcas (nombre, pais_origen, activo) VALUES (N'Bticino', N'Italia', 1);
INSERT INTO marcas (nombre, pais_origen, activo) VALUES (N'Philips', N'Países Bajos', 1);
INSERT INTO marcas (nombre, pais_origen, activo) VALUES (N'Indeco', N'Perú', 1);
INSERT INTO marcas (nombre, pais_origen, activo) VALUES (N'Pavco', N'Colombia', 1);
INSERT INTO marcas (nombre, pais_origen, activo) VALUES (N'Ferrex', N'China', 1);


-- INSERTS para la tabla 'unidades_medida'
INSERT INTO unidades_medida (nombre, abreviatura, activo) VALUES (N'Unidad', N'UND', 1);
INSERT INTO unidades_medida (nombre, abreviatura, activo) VALUES (N'Metro', N'M', 1);
INSERT INTO unidades_medida (nombre, abreviatura, activo) VALUES (N'Kilogramo', N'KG', 1);
INSERT INTO unidades_medida (nombre, abreviatura, activo) VALUES (N'Litro', N'LT', 1);
INSERT INTO unidades_medida (nombre, abreviatura, activo) VALUES (N'Caja', N'CJ', 1);
INSERT INTO unidades_medida (nombre, abreviatura, activo) VALUES (N'Galón', N'GL', 1);
INSERT INTO unidades_medida (nombre, abreviatura, activo) VALUES (N'Pieza', N'PZA', 1);
INSERT INTO unidades_medida (nombre, abreviatura, activo) VALUES (N'Juego', N'JGO', 1);


-- INSERTS para la tabla 'almacenes'
INSERT INTO almacenes (nombre, direccion, responsable, activo) VALUES (N'Almacén Principal', N'Av. Principal 123, Lima', 1, 1);
INSERT INTO almacenes (nombre, direccion, responsable, activo) VALUES (N'Almacén Secundario', N'Calle Falsa 456, Lima', 2, 1);

-- INSERTS para la tabla 'productos'
INSERT INTO productos (id_subcategoria, id_marca, id_unidad, codigo, nombre, descripcion, precio_compra, precio_venta, stock_actual, stock_minimo, stock_maximo, ubicacion, activo) VALUES (1, 5, 8, 'PROD-0001', N'Cable Indeco Negro', N'Descripción de Cable Indeco Negro', 181.18, 255.14, 152, 10, 151, 'Pasillo 3, Estante C', 1);
INSERT INTO productos (id_subcategoria, id_marca, id_unidad, codigo, nombre, descripcion, precio_compra, precio_venta, stock_actual, stock_minimo, stock_maximo, ubicacion, activo) VALUES (1, 9, 6, 'PROD-0002', N'Cable Indeco', N'Descripción de Cable Indeco', 26.43, 34.07, 80, 18, 167, 'Pasillo 4, Estante B', 1);
INSERT INTO productos (id_subcategoria, id_marca, id_unidad, codigo, nombre, descripcion, precio_compra, precio_venta, stock_actual, stock_minimo, stock_maximo, ubicacion, activo) VALUES (1, 12, 3, 'PROD-0003', N'Caja Octagonal', N'Descripción de Caja Octagonal', 73.07, 94.69, 0, 6, 114, 'Pasillo 4, Estante C', 1);
INSERT INTO productos (id_subcategoria, id_marca, id_unidad, codigo, nombre, descripcion, precio_compra, precio_venta, stock_actual, stock_minimo, stock_maximo, ubicacion, activo) VALUES (1, 7, 5, 'PROD-0004', N'Caja Rectangular', N'Descripción de Caja Rectangular', 51.89, 68.64, 184, 12, 187, 'Pasillo 2, Estante B', 1);
INSERT INTO productos (id_subcategoria, id_marca, id_unidad, codigo, nombre, descripcion, precio_compra, precio_venta, stock_actual, stock_minimo, stock_maximo, ubicacion, activo) VALUES (1, 2, 2, 'PROD-0005', N'Canaleta Plastica', N'Descripción de Canaleta Plastica', 179.63, 265.42, 6, 9, 112, 'Pasillo 4, Estante B', 1);
INSERT INTO productos (id_subcategoria, id_marca, id_unidad, codigo, nombre, descripcion, precio_compra, precio_venta, stock_actual, stock_minimo, stock_maximo, ubicacion, activo) VALUES (1, 8, 4, 'PROD-0006', N'Cinta Aislante', N'Descripción de Cinta Aislante', 149.87, 198.55, 118, 13, 153, 'Pasillo 5, Estante A', 1);
INSERT INTO productos (id_subcategoria, id_marca, id_unidad, codigo, nombre, descripcion, precio_compra, precio_venta, stock_actual, stock_minimo, stock_maximo, ubicacion, activo) VALUES (1, 9, 2, 'PROD-0007', N'Cinta Vulcanizante', N'Descripción de Cinta Vulcanizante', 35.63, 53.4, 221, 6, 171, 'Pasillo 2, Estante A', 1);
INSERT INTO productos (id_subcategoria, id_marca, id_unidad, codigo, nombre, descripcion, precio_compra, precio_venta, stock_actual, stock_minimo, stock_maximo, ubicacion, activo) VALUES (1, 7, 4, 'PROD-0008', N'Foco Let', N'Descripción de Foco Let', 12.53, 16.92, 3, 5, 191, 'Pasillo 3, Estante C', 1);
INSERT INTO productos (id_subcategoria, id_marca, id_unidad, codigo, nombre, descripcion, precio_compra, precio_venta, stock_actual, stock_minimo, stock_maximo, ubicacion, activo) VALUES (1, 5, 4, 'PROD-0009', N'Interruptor Cimple Empotrable', N'Descripción de Interruptor Cimple Empotrable', 165.43, 204.14, 3, 19, 195, 'Pasillo 2, Estante C', 1);
INSERT INTO productos (id_subcategoria, id_marca, id_unidad, codigo, nombre, descripcion, precio_compra, precio_venta, stock_actual, stock_minimo, stock_maximo, ubicacion, activo) VALUES (1, 8, 8, 'PROD-0010', N'Llave Diferencial', N'Descripción de Llave Diferencial', 142.76, 192.46, 4, 6, 182, 'Pasillo 4, Estante A', 1);
INSERT INTO productos (id_subcategoria, id_marca, id_unidad, codigo, nombre, descripcion, precio_compra, precio_venta, stock_actual, stock_minimo, stock_maximo, ubicacion, activo) VALUES (1, 4, 5, 'PROD-0011', N'Llave Termomagnetica', N'Descripción de Llave Termomagnetica', 152.81, 207.2, 0, 5, 112, 'Pasillo 1, Estante C', 1);
INSERT INTO productos (id_subcategoria, id_marca, id_unidad, codigo, nombre, descripcion, precio_compra, precio_venta, stock_actual, stock_minimo, stock_maximo, ubicacion, activo) VALUES (1, 11, 1, 'PROD-0012', N'Pila Aa', N'Descripción de Pila Aa', 72.76, 95.36, 7, 20, 190, 'Pasillo 4, Estante C', 1);
INSERT INTO productos (id_subcategoria, id_marca, id_unidad, codigo, nombre, descripcion, precio_compra, precio_venta, stock_actual, stock_minimo, stock_maximo, ubicacion, activo) VALUES (1, 6, 3, 'PROD-0013', N'Provador De Voltaje Tipo Lapiz', N'Descripción de Provador De Voltaje Tipo Lapiz', 112.54, 161.08, 11, 11, 57, 'Pasillo 5, Estante B', 1);
INSERT INTO productos (id_subcategoria, id_marca, id_unidad, codigo, nombre, descripcion, precio_compra, precio_venta, stock_actual, stock_minimo, stock_maximo, ubicacion, activo) VALUES (1, 12, 5, 'PROD-0014', N'Reflector Let', N'Descripción de Reflector Let', 158.09, 201.15, 11, 11, 56, 'Pasillo 5, Estante C', 1);
INSERT INTO productos (id_subcategoria, id_marca, id_unidad, codigo, nombre, descripcion, precio_compra, precio_venta, stock_actual, stock_minimo, stock_maximo, ubicacion, activo) VALUES (1, 8, 2, 'PROD-0015', N'Sensor De Movimiento Para Techo', N'Descripción de Sensor De Movimiento Para Techo', 81.32, 118.68, 86, 19, 85, 'Pasillo 4, Estante C', 1);
INSERT INTO productos (id_subcategoria, id_marca, id_unidad, codigo, nombre, descripcion, precio_compra, precio_venta, stock_actual, stock_minimo, stock_maximo, ubicacion, activo) VALUES (1, 1, 7, 'PROD-0016', N'Soquete', N'Descripción de Soquete', 198.72, 251.77, 56, 7, 50, 'Pasillo 5, Estante A', 1);
INSERT INTO productos (id_subcategoria, id_marca, id_unidad, codigo, nombre, descripcion, precio_compra, precio_venta, stock_actual, stock_minimo, stock_maximo, ubicacion, activo) VALUES (1, 11, 1, 'PROD-0017', N'Tablero De Distribución', N'Descripción de Tablero De Distribución', 89.37, 122.32, 113, 14, 73, 'Pasillo 3, Estante B', 1);
INSERT INTO productos (id_subcategoria, id_marca, id_unidad, codigo, nombre, descripcion, precio_compra, precio_venta, stock_actual, stock_minimo, stock_maximo, ubicacion, activo) VALUES (1, 4, 3, 'PROD-0018', N'Timbre Zumbador', N'Descripción de Timbre Zumbador', 184.34, 224.96, 3, 6, 154, 'Pasillo 5, Estante A', 1);
INSERT INTO productos (id_subcategoria, id_marca, id_unidad, codigo, nombre, descripcion, precio_compra, precio_venta, stock_actual, stock_minimo, stock_maximo, ubicacion, activo) VALUES (1, 4, 6, 'PROD-0019', N'Tomacorriente Doble Con Tierra', N'Descripción de Tomacorriente Doble Con Tierra', 178.26, 247.43, 26, 19, 50, 'Pasillo 1, Estante A', 1);
INSERT INTO productos (id_subcategoria, id_marca, id_unidad, codigo, nombre, descripcion, precio_compra, precio_venta, stock_actual, stock_minimo, stock_maximo, ubicacion, activo) VALUES (1, 12, 7, 'PROD-0020', N'Tubo Corrugado', N'Descripción de Tubo Corrugado', 106.93, 140.01, 180, 12, 164, 'Pasillo 2, Estante C', 1);
INSERT INTO productos (id_subcategoria, id_marca, id_unidad, codigo, nombre, descripcion, precio_compra, precio_venta, stock_actual, stock_minimo, stock_maximo, ubicacion, activo) VALUES (6, 7, 5, 'PROD-0021', N'Bandeja Para Pintura', N'Descripción de Bandeja Para Pintura', 137.39, 165.41, 0, 5, 180, 'Pasillo 3, Estante A', 1);
INSERT INTO productos (id_subcategoria, id_marca, id_unidad, codigo, nombre, descripcion, precio_compra, precio_venta, stock_actual, stock_minimo, stock_maximo, ubicacion, activo) VALUES (6, 6, 6, 'PROD-0022', N'Brocha', N'Descripción de Brocha', 24.72, 34.13, 0, 10, 165, 'Pasillo 1, Estante A', 1);
INSERT INTO productos (id_subcategoria, id_marca, id_unidad, codigo, nombre, descripcion, precio_compra, precio_venta, stock_actual, stock_minimo, stock_maximo, ubicacion, activo) VALUES (6, 2, 4, 'PROD-0023', N'Cellador Para Pared', N'Descripción de Cellador Para Pared', 100.33, 126.13, 103, 18, 71, 'Pasillo 5, Estante B', 1);
INSERT INTO productos (id_subcategoria, id_marca, id_unidad, codigo, nombre, descripcion, precio_compra, precio_venta, stock_actual, stock_minimo, stock_maximo, ubicacion, activo) VALUES (6, 2, 7, 'PROD-0024', N'Cinta Masking', N'Descripción de Cinta Masking', 81.74, 121.76, 159, 14, 182, 'Pasillo 1, Estante A', 1);
INSERT INTO productos (id_subcategoria, id_marca, id_unidad, codigo, nombre, descripcion, precio_compra, precio_venta, stock_actual, stock_minimo, stock_maximo, ubicacion, activo) VALUES (6, 2, 2, 'PROD-0025', N'Cinta Teflon', N'Descripción de Cinta Teflon', 39.32, 57.58, 109, 18, 65, 'Pasillo 1, Estante C', 1);
INSERT INTO productos (id_subcategoria, id_marca, id_unidad, codigo, nombre, descripcion, precio_compra, precio_venta, stock_actual, stock_minimo, stock_maximo, ubicacion, activo) VALUES (6, 2, 5, 'PROD-0026', N'Codo Pvc Agua', N'Descripción de Codo Pvc Agua', 158.82, 231.75, 139, 7, 105, 'Pasillo 2, Estante A', 1);
INSERT INTO productos (id_subcategoria, id_marca, id_unidad, codigo, nombre, descripcion, precio_compra, precio_venta, stock_actual, stock_minimo, stock_maximo, ubicacion, activo) VALUES (6, 3, 7, 'PROD-0027', N'Espatula', N'Descripción de Espatula', 119.34, 158.02, 1, 5, 148, 'Pasillo 3, Estante C', 1);
INSERT INTO productos (id_subcategoria, id_marca, id_unidad, codigo, nombre, descripcion, precio_compra, precio_venta, stock_actual, stock_minimo, stock_maximo, ubicacion, activo) VALUES (6, 5, 2, 'PROD-0028', N'Lija De Agua', N'Descripción de Lija De Agua', 115.72, 141.89, 106, 7, 184, 'Pasillo 1, Estante B', 1);
INSERT INTO productos (id_subcategoria, id_marca, id_unidad, codigo, nombre, descripcion, precio_compra, precio_venta, stock_actual, stock_minimo, stock_maximo, ubicacion, activo) VALUES (6, 1, 7, 'PROD-0029', N'Lija Fierro Esmeril', N'Descripción de Lija Fierro Esmeril', 115.84, 146.76, 177, 13, 165, 'Pasillo 1, Estante B', 1);
INSERT INTO productos (id_subcategoria, id_marca, id_unidad, codigo, nombre, descripcion, precio_compra, precio_venta, stock_actual, stock_minimo, stock_maximo, ubicacion, activo) VALUES (6, 3, 3, 'PROD-0030', N'Pegamento De Pvc', N'Descripción de Pegamento De Pvc', 69.69, 93.0, 33, 19, 58, 'Pasillo 3, Estante B', 1);
INSERT INTO productos (id_subcategoria, id_marca, id_unidad, codigo, nombre, descripcion, precio_compra, precio_venta, stock_actual, stock_minimo, stock_maximo, ubicacion, activo) VALUES (6, 1, 1, 'PROD-0031', N'Pegamento Para Madera', N'Descripción de Pegamento Para Madera', 77.48, 111.67, 3, 7, 160, 'Pasillo 2, Estante A', 1);
INSERT INTO productos (id_subcategoria, id_marca, id_unidad, codigo, nombre, descripcion, precio_compra, precio_venta, stock_actual, stock_minimo, stock_maximo, ubicacion, activo) VALUES (6, 1, 1, 'PROD-0032', N'Rodillo', N'Descripción de Rodillo', 7.27, 10.19, 146, 10, 127, 'Pasillo 2, Estante B', 1);
INSERT INTO productos (id_subcategoria, id_marca, id_unidad, codigo, nombre, descripcion, precio_compra, precio_venta, stock_actual, stock_minimo, stock_maximo, ubicacion, activo) VALUES (6, 11, 6, 'PROD-0033', N'Silicona Transparente', N'Descripción de Silicona Transparente', 73.36, 109.79, 0, 11, 74, 'Pasillo 2, Estante B', 1);
INSERT INTO productos (id_subcategoria, id_marca, id_unidad, codigo, nombre, descripcion, precio_compra, precio_venta, stock_actual, stock_minimo, stock_maximo, ubicacion, activo) VALUES (6, 10, 1, 'PROD-0034', N'Soldadura Liquida', N'Descripción de Soldadura Liquida', 80.03, 119.06, 157, 9, 116, 'Pasillo 2, Estante B', 1);
INSERT INTO productos (id_subcategoria, id_marca, id_unidad, codigo, nombre, descripcion, precio_compra, precio_venta, stock_actual, stock_minimo, stock_maximo, ubicacion, activo) VALUES (6, 2, 6, 'PROD-0035', N'T Pvc Agua', N'Descripción de T Pvc Agua', 49.96, 68.74, 183, 16, 199, 'Pasillo 1, Estante B', 1);
INSERT INTO productos (id_subcategoria, id_marca, id_unidad, codigo, nombre, descripcion, precio_compra, precio_venta, stock_actual, stock_minimo, stock_maximo, ubicacion, activo) VALUES (6, 4, 5, 'PROD-0036', N'Thiner Acrilico', N'Descripción de Thiner Acrilico', 147.67, 177.76, 0, 14, 91, 'Pasillo 4, Estante B', 1);
INSERT INTO productos (id_subcategoria, id_marca, id_unidad, codigo, nombre, descripcion, precio_compra, precio_venta, stock_actual, stock_minimo, stock_maximo, ubicacion, activo) VALUES (6, 11, 1, 'PROD-0037', N'Trampa Pvc Para Lavatorio', N'Descripción de Trampa Pvc Para Lavatorio', 91.58, 120.53, 106, 10, 174, 'Pasillo 2, Estante B', 1);
INSERT INTO productos (id_subcategoria, id_marca, id_unidad, codigo, nombre, descripcion, precio_compra, precio_venta, stock_actual, stock_minimo, stock_maximo, ubicacion, activo) VALUES (6, 11, 1, 'PROD-0038', N'Tubo Pvc Desague', N'Descripción de Tubo Pvc Desague', 35.42, 48.12, 74, 5, 161, 'Pasillo 1, Estante C', 1);
INSERT INTO productos (id_subcategoria, id_marca, id_unidad, codigo, nombre, descripcion, precio_compra, precio_venta, stock_actual, stock_minimo, stock_maximo, ubicacion, activo) VALUES (6, 7, 7, 'PROD-0039', N'Tubos Agua Pvc', N'Descripción de Tubos Agua Pvc', 33.28, 49.15, 4, 16, 173, 'Pasillo 5, Estante B', 1);
INSERT INTO productos (id_subcategoria, id_marca, id_unidad, codigo, nombre, descripcion, precio_compra, precio_venta, stock_actual, stock_minimo, stock_maximo, ubicacion, activo) VALUES (6, 2, 2, 'PROD-0040', N'Valvula De Bronce', N'Descripción de Valvula De Bronce', 33.36, 43.86, 0, 14, 54, 'Pasillo 3, Estante A', 1);
INSERT INTO productos (id_subcategoria, id_marca, id_unidad, codigo, nombre, descripcion, precio_compra, precio_venta, stock_actual, stock_minimo, stock_maximo, ubicacion, activo) VALUES (11, 4, 5, 'PROD-0041', N'Abrazadera Metalica', N'Descripción de Abrazadera Metalica', 127.71, 156.24, 0, 19, 93, 'Pasillo 1, Estante A', 1);
INSERT INTO productos (id_subcategoria, id_marca, id_unidad, codigo, nombre, descripcion, precio_compra, precio_venta, stock_actual, stock_minimo, stock_maximo, ubicacion, activo) VALUES (11, 8, 6, 'PROD-0042', N'Alambre Negro', N'Descripción de Alambre Negro', 27.53, 35.11, 64, 7, 184, 'Pasillo 4, Estante A', 1);
INSERT INTO productos (id_subcategoria, id_marca, id_unidad, codigo, nombre, descripcion, precio_compra, precio_venta, stock_actual, stock_minimo, stock_maximo, ubicacion, activo) VALUES (11, 1, 3, 'PROD-0043', N'Arandela Plana', N'Descripción de Arandela Plana', 59.94, 83.79, 153, 12, 105, 'Pasillo 4, Estante A', 1);
INSERT INTO productos (id_subcategoria, id_marca, id_unidad, codigo, nombre, descripcion, precio_compra, precio_venta, stock_actual, stock_minimo, stock_maximo, ubicacion, activo) VALUES (11, 8, 8, 'PROD-0044', N'Cinta Perforadora', N'Descripción de Cinta Perforadora', 40.07, 52.78, 181, 19, 185, 'Pasillo 2, Estante C', 1);
INSERT INTO productos (id_subcategoria, id_marca, id_unidad, codigo, nombre, descripcion, precio_compra, precio_venta, stock_actual, stock_minimo, stock_maximo, ubicacion, activo) VALUES (11, 4, 7, 'PROD-0045', N'Clavo Calamina', N'Descripción de Clavo Calamina', 16.55, 21.63, 31, 14, 93, 'Pasillo 3, Estante C', 1);
INSERT INTO productos (id_subcategoria, id_marca, id_unidad, codigo, nombre, descripcion, precio_compra, precio_venta, stock_actual, stock_minimo, stock_maximo, ubicacion, activo) VALUES (11, 5, 7, 'PROD-0046', N'Clavo De Concreto', N'Descripción de Clavo De Concreto', 31.03, 45.0, 153, 5, 117, 'Pasillo 5, Estante A', 1);
INSERT INTO productos (id_subcategoria, id_marca, id_unidad, codigo, nombre, descripcion, precio_compra, precio_venta, stock_actual, stock_minimo, stock_maximo, ubicacion, activo) VALUES (11, 7, 4, 'PROD-0047', N'Clavos De Madera', N'Descripción de Clavos De Madera', 196.69, 275.31, 0, 8, 119, 'Pasillo 1, Estante A', 1);
INSERT INTO productos (id_subcategoria, id_marca, id_unidad, codigo, nombre, descripcion, precio_compra, precio_venta, stock_actual, stock_minimo, stock_maximo, ubicacion, activo) VALUES (11, 3, 3, 'PROD-0048', N'Esquinero Metalico', N'Descripción de Esquinero Metalico', 15.46, 21.14, 0, 11, 171, 'Pasillo 2, Estante C', 1);
INSERT INTO productos (id_subcategoria, id_marca, id_unidad, codigo, nombre, descripcion, precio_compra, precio_venta, stock_actual, stock_minimo, stock_maximo, ubicacion, activo) VALUES (11, 9, 7, 'PROD-0049', N'Grampa Cable', N'Descripción de Grampa Cable', 42.83, 57.6, 1, 11, 60, 'Pasillo 2, Estante C', 1);
INSERT INTO productos (id_subcategoria, id_marca, id_unidad, codigo, nombre, descripcion, precio_compra, precio_venta, stock_actual, stock_minimo, stock_maximo, ubicacion, activo) VALUES (11, 4, 1, 'PROD-0050', N'Malla Electrosoldad', N'Descripción de Malla Electrosoldad', 94.66, 116.57, 6, 20, 177, 'Pasillo 1, Estante B', 1);
INSERT INTO productos (id_subcategoria, id_marca, id_unidad, codigo, nombre, descripcion, precio_compra, precio_venta, stock_actual, stock_minimo, stock_maximo, ubicacion, activo) VALUES (11, 10, 1, 'PROD-0051', N'Perno Anclaje', N'Descripción de Perno Anclaje', 137.35, 187.93, 0, 12, 136, 'Pasillo 5, Estante A', 1);
INSERT INTO productos (id_subcategoria, id_marca, id_unidad, codigo, nombre, descripcion, precio_compra, precio_venta, stock_actual, stock_minimo, stock_maximo, ubicacion, activo) VALUES (11, 10, 4, 'PROD-0052', N'Perno Hexagonal', N'Descripción de Perno Hexagonal', 29.36, 40.21, 125, 20, 139, 'Pasillo 2, Estante B', 1);
INSERT INTO productos (id_subcategoria, id_marca, id_unidad, codigo, nombre, descripcion, precio_compra, precio_venta, stock_actual, stock_minimo, stock_maximo, ubicacion, activo) VALUES (11, 8, 2, 'PROD-0053', N'Remache De Aluminio', N'Descripción de Remache De Aluminio', 47.79, 63.53, 29, 11, 145, 'Pasillo 1, Estante A', 1);
INSERT INTO productos (id_subcategoria, id_marca, id_unidad, codigo, nombre, descripcion, precio_compra, precio_venta, stock_actual, stock_minimo, stock_maximo, ubicacion, activo) VALUES (11, 8, 7, 'PROD-0054', N'Tornillo  Autorroscante', N'Descripción de Tornillo  Autorroscante', 150.57, 193.81, 1, 10, 64, 'Pasillo 1, Estante B', 1);
INSERT INTO productos (id_subcategoria, id_marca, id_unidad, codigo, nombre, descripcion, precio_compra, precio_venta, stock_actual, stock_minimo, stock_maximo, ubicacion, activo) VALUES (11, 11, 2, 'PROD-0055', N'Tornillo Drywall', N'Descripción de Tornillo Drywall', 143.99, 193.39, 0, 19, 186, 'Pasillo 1, Estante B', 1);
INSERT INTO productos (id_subcategoria, id_marca, id_unidad, codigo, nombre, descripcion, precio_compra, precio_venta, stock_actual, stock_minimo, stock_maximo, ubicacion, activo) VALUES (11, 10, 5, 'PROD-0056', N'Tuerca Hexagonal', N'Descripción de Tuerca Hexagonal', 34.08, 45.4, 0, 9, 154, 'Pasillo 5, Estante B', 1);
INSERT INTO productos (id_subcategoria, id_marca, id_unidad, codigo, nombre, descripcion, precio_compra, precio_venta, stock_actual, stock_minimo, stock_maximo, ubicacion, activo) VALUES (11, 1, 3, 'PROD-0057', N'Tuerca Mariposa', N'Descripción de Tuerca Mariposa', 31.21, 38.96, 45, 16, 157, 'Pasillo 2, Estante B', 1);
INSERT INTO productos (id_subcategoria, id_marca, id_unidad, codigo, nombre, descripcion, precio_compra, precio_venta, stock_actual, stock_minimo, stock_maximo, ubicacion, activo) VALUES (11, 8, 1, 'PROD-0058', N'Turugo Plastico', N'Descripción de Turugo Plastico', 95.71, 130.31, 0, 5, 58, 'Pasillo 4, Estante C', 1);
INSERT INTO productos (id_subcategoria, id_marca, id_unidad, codigo, nombre, descripcion, precio_compra, precio_venta, stock_actual, stock_minimo, stock_maximo, ubicacion, activo) VALUES (11, 12, 4, 'PROD-0059', N'Varilla Fierro Corrucado', N'Descripción de Varilla Fierro Corrucado', 113.88, 161.11, 152, 5, 143, 'Pasillo 5, Estante A', 1);
INSERT INTO productos (id_subcategoria, id_marca, id_unidad, codigo, nombre, descripcion, precio_compra, precio_venta, stock_actual, stock_minimo, stock_maximo, ubicacion, activo) VALUES (11, 7, 8, 'PROD-0060', N'Varilla Roscada', N'Descripción de Varilla Roscada', 140.07, 181.23, 5, 15, 137, 'Pasillo 3, Estante A', 1);
INSERT INTO productos (id_subcategoria, id_marca, id_unidad, codigo, nombre, descripcion, precio_compra, precio_venta, stock_actual, stock_minimo, stock_maximo, ubicacion, activo) VALUES (16, 11, 1, 'PROD-0061', N'Amoledora Angular', N'Descripción de Amoledora Angular', 171.3, 234.69, 0, 8, 59, 'Pasillo 5, Estante B', 1);
INSERT INTO productos (id_subcategoria, id_marca, id_unidad, codigo, nombre, descripcion, precio_compra, precio_venta, stock_actual, stock_minimo, stock_maximo, ubicacion, activo) VALUES (16, 10, 2, 'PROD-0062', N'Broca Copa Madera', N'Descripción de Broca Copa Madera', 186.01, 248.17, 29, 5, 172, 'Pasillo 2, Estante A', 1);
INSERT INTO productos (id_subcategoria, id_marca, id_unidad, codigo, nombre, descripcion, precio_compra, precio_venta, stock_actual, stock_minimo, stock_maximo, ubicacion, activo) VALUES (16, 10, 3, 'PROD-0063', N'Brocas Metal', N'Descripción de Brocas Metal', 40.54, 55.19, 168, 5, 134, 'Pasillo 1, Estante B', 1);
INSERT INTO productos (id_subcategoria, id_marca, id_unidad, codigo, nombre, descripcion, precio_compra, precio_venta, stock_actual, stock_minimo, stock_maximo, ubicacion, activo) VALUES (16, 1, 5, 'PROD-0064', N'Cargador De Bateria', N'Descripción de Cargador De Bateria', 180.86, 228.76, 243, 19, 200, 'Pasillo 1, Estante C', 1);
INSERT INTO productos (id_subcategoria, id_marca, id_unidad, codigo, nombre, descripcion, precio_compra, precio_venta, stock_actual, stock_minimo, stock_maximo, ubicacion, activo) VALUES (16, 4, 6, 'PROD-0065', N'Cepillo De Madera', N'Descripción de Cepillo De Madera', 194.23, 286.86, 129, 14, 104, 'Pasillo 1, Estante C', 1);
INSERT INTO productos (id_subcategoria, id_marca, id_unidad, codigo, nombre, descripcion, precio_compra, precio_venta, stock_actual, stock_minimo, stock_maximo, ubicacion, activo) VALUES (16, 1, 7, 'PROD-0066', N'Disco Corte Metal', N'Descripción de Disco Corte Metal', 40.66, 53.75, 108, 20, 93, 'Pasillo 2, Estante C', 1);
INSERT INTO productos (id_subcategoria, id_marca, id_unidad, codigo, nombre, descripcion, precio_compra, precio_venta, stock_actual, stock_minimo, stock_maximo, ubicacion, activo) VALUES (16, 10, 4, 'PROD-0067', N'Disco Diamantado Para Concreto', N'Descripción de Disco Diamantado Para Concreto', 142.08, 208.65, 5, 5, 119, 'Pasillo 4, Estante C', 1);
INSERT INTO productos (id_subcategoria, id_marca, id_unidad, codigo, nombre, descripcion, precio_compra, precio_venta, stock_actual, stock_minimo, stock_maximo, ubicacion, activo) VALUES (16, 12, 3, 'PROD-0068', N'Disco Para Madera', N'Descripción de Disco Para Madera', 141.97, 195.96, 10, 12, 75, 'Pasillo 4, Estante B', 1);
INSERT INTO productos (id_subcategoria, id_marca, id_unidad, codigo, nombre, descripcion, precio_compra, precio_venta, stock_actual, stock_minimo, stock_maximo, ubicacion, activo) VALUES (16, 11, 3, 'PROD-0069', N'Esmeril De Banco', N'Descripción de Esmeril De Banco', 43.95, 59.42, 91, 19, 91, 'Pasillo 1, Estante A', 1);
INSERT INTO productos (id_subcategoria, id_marca, id_unidad, codigo, nombre, descripcion, precio_compra, precio_venta, stock_actual, stock_minimo, stock_maximo, ubicacion, activo) VALUES (16, 4, 7, 'PROD-0070', N'Extencion Electrica', N'Descripción de Extencion Electrica', 113.26, 159.54, 170, 6, 175, 'Pasillo 4, Estante C', 1);
INSERT INTO productos (id_subcategoria, id_marca, id_unidad, codigo, nombre, descripcion, precio_compra, precio_venta, stock_actual, stock_minimo, stock_maximo, ubicacion, activo) VALUES (16, 11, 5, 'PROD-0071', N'Lijadora Orbital', N'Descripción de Lijadora Orbital', 169.63, 215.12, 0, 8, 156, 'Pasillo 4, Estante A', 1);
INSERT INTO productos (id_subcategoria, id_marca, id_unidad, codigo, nombre, descripcion, precio_compra, precio_venta, stock_actual, stock_minimo, stock_maximo, ubicacion, activo) VALUES (16, 11, 7, 'PROD-0072', N'Mandril Llave Taladro', N'Descripción de Mandril Llave Taladro', 157.92, 190.48, 0, 9, 85, 'Pasillo 5, Estante B', 1);
INSERT INTO productos (id_subcategoria, id_marca, id_unidad, codigo, nombre, descripcion, precio_compra, precio_venta, stock_actual, stock_minimo, stock_maximo, ubicacion, activo) VALUES (16, 5, 6, 'PROD-0073', N'Pilas', N'Descripción de Pilas', 189.6, 243.94, 0, 6, 189, 'Pasillo 3, Estante B', 1);
INSERT INTO productos (id_subcategoria, id_marca, id_unidad, codigo, nombre, descripcion, precio_compra, precio_venta, stock_actual, stock_minimo, stock_maximo, ubicacion, activo) VALUES (16, 5, 3, 'PROD-0074', N'Pistola De Calor', N'Descripción de Pistola De Calor', 31.69, 46.43, 7, 15, 81, 'Pasillo 1, Estante A', 1);
INSERT INTO productos (id_subcategoria, id_marca, id_unidad, codigo, nombre, descripcion, precio_compra, precio_venta, stock_actual, stock_minimo, stock_maximo, ubicacion, activo) VALUES (16, 8, 4, 'PROD-0075', N'Pistola De Clavos', N'Descripción de Pistola De Clavos', 28.72, 40.11, 0, 18, 100, 'Pasillo 4, Estante C', 1);
INSERT INTO productos (id_subcategoria, id_marca, id_unidad, codigo, nombre, descripcion, precio_compra, precio_venta, stock_actual, stock_minimo, stock_maximo, ubicacion, activo) VALUES (16, 6, 7, 'PROD-0076', N'Rotomartillo', N'Descripción de Rotomartillo', 40.6, 60.79, 166, 13, 120, 'Pasillo 1, Estante A', 1);
INSERT INTO productos (id_subcategoria, id_marca, id_unidad, codigo, nombre, descripcion, precio_compra, precio_venta, stock_actual, stock_minimo, stock_maximo, ubicacion, activo) VALUES (16, 10, 7, 'PROD-0077', N'Set Brocas Concreto', N'Descripción de Set Brocas Concreto', 198.7, 290.75, 103, 16, 97, 'Pasillo 1, Estante B', 1);
INSERT INTO productos (id_subcategoria, id_marca, id_unidad, codigo, nombre, descripcion, precio_compra, precio_venta, stock_actual, stock_minimo, stock_maximo, ubicacion, activo) VALUES (16, 6, 8, 'PROD-0078', N'Sierra Caladora', N'Descripción de Sierra Caladora', 196.01, 286.16, 0, 8, 182, 'Pasillo 3, Estante B', 1);
INSERT INTO productos (id_subcategoria, id_marca, id_unidad, codigo, nombre, descripcion, precio_compra, precio_venta, stock_actual, stock_minimo, stock_maximo, ubicacion, activo) VALUES (16, 1, 5, 'PROD-0079', N'Sierra Circular', N'Descripción de Sierra Circular', 27.01, 36.33, 0, 17, 63, 'Pasillo 5, Estante B', 1);
INSERT INTO productos (id_subcategoria, id_marca, id_unidad, codigo, nombre, descripcion, precio_compra, precio_venta, stock_actual, stock_minimo, stock_maximo, ubicacion, activo) VALUES (16, 11, 4, 'PROD-0080', N'Taladro Inalambrico', N'Descripción de Taladro Inalambrico', 84.47, 114.09, 0, 6, 118, 'Pasillo 2, Estante B', 1);
INSERT INTO productos (id_subcategoria, id_marca, id_unidad, codigo, nombre, descripcion, precio_compra, precio_venta, stock_actual, stock_minimo, stock_maximo, ubicacion, activo) VALUES (21, 6, 4, 'PROD-0081', N'Alicate De Corte', N'Descripción de Alicate De Corte', 164.4, 235.3, 0, 17, 136, 'Pasillo 3, Estante C', 1);
INSERT INTO productos (id_subcategoria, id_marca, id_unidad, codigo, nombre, descripcion, precio_compra, precio_venta, stock_actual, stock_minimo, stock_maximo, ubicacion, activo) VALUES (21, 10, 6, 'PROD-0082', N'Alicate De Punta', N'Descripción de Alicate De Punta', 109.72, 148.35, 162, 9, 138, 'Pasillo 5, Estante B', 1);
INSERT INTO productos (id_subcategoria, id_marca, id_unidad, codigo, nombre, descripcion, precio_compra, precio_venta, stock_actual, stock_minimo, stock_maximo, ubicacion, activo) VALUES (21, 1, 2, 'PROD-0083', N'Alicate Universal', N'Descripción de Alicate Universal', 46.28, 67.64, 5, 5, 146, 'Pasillo 2, Estante C', 1);
INSERT INTO productos (id_subcategoria, id_marca, id_unidad, codigo, nombre, descripcion, precio_compra, precio_venta, stock_actual, stock_minimo, stock_maximo, ubicacion, activo) VALUES (21, 11, 6, 'PROD-0084', N'Cincel Puntero', N'Descripción de Cincel Puntero', 127.95, 166.21, 8, 9, 95, 'Pasillo 3, Estante B', 1);
INSERT INTO productos (id_subcategoria, id_marca, id_unidad, codigo, nombre, descripcion, precio_compra, precio_venta, stock_actual, stock_minimo, stock_maximo, ubicacion, activo) VALUES (21, 11, 6, 'PROD-0085', N'Cutter', N'Descripción de Cutter', 28.15, 35.32, 4, 12, 95, 'Pasillo 3, Estante B', 1);
INSERT INTO productos (id_subcategoria, id_marca, id_unidad, codigo, nombre, descripcion, precio_compra, precio_venta, stock_actual, stock_minimo, stock_maximo, ubicacion, activo) VALUES (21, 3, 8, 'PROD-0086', N'Escuadra Metalica', N'Descripción de Escuadra Metalica', 191.09, 274.68, 8, 10, 165, 'Pasillo 5, Estante A', 1);
INSERT INTO productos (id_subcategoria, id_marca, id_unidad, codigo, nombre, descripcion, precio_compra, precio_venta, stock_actual, stock_minimo, stock_maximo, ubicacion, activo) VALUES (21, 5, 1, 'PROD-0087', N'Formo Madera', N'Descripción de Formo Madera', 17.81, 23.53, 167, 6, 188, 'Pasillo 3, Estante C', 1);
INSERT INTO productos (id_subcategoria, id_marca, id_unidad, codigo, nombre, descripcion, precio_compra, precio_venta, stock_actual, stock_minimo, stock_maximo, ubicacion, activo) VALUES (21, 12, 5, 'PROD-0088', N'Juego De Destornilladores', N'Descripción de Juego De Destornilladores', 100.93, 125.88, 212, 7, 163, 'Pasillo 3, Estante C', 1);
INSERT INTO productos (id_subcategoria, id_marca, id_unidad, codigo, nombre, descripcion, precio_compra, precio_venta, stock_actual, stock_minimo, stock_maximo, ubicacion, activo) VALUES (21, 7, 3, 'PROD-0089', N'Juego De Llabes', N'Descripción de Juego De Llabes', 30.2, 44.46, 64, 5, 78, 'Pasillo 4, Estante A', 1);
INSERT INTO productos (id_subcategoria, id_marca, id_unidad, codigo, nombre, descripcion, precio_compra, precio_venta, stock_actual, stock_minimo, stock_maximo, ubicacion, activo) VALUES (21, 7, 1, 'PROD-0090', N'Lima', N'Descripción de Lima', 8.06, 10.88, 15, 15, 53, 'Pasillo 3, Estante A', 1);
INSERT INTO productos (id_subcategoria, id_marca, id_unidad, codigo, nombre, descripcion, precio_compra, precio_venta, stock_actual, stock_minimo, stock_maximo, ubicacion, activo) VALUES (21, 8, 1, 'PROD-0091', N'Llave Corona', N'Descripción de Llave Corona', 175.13, 241.28, 0, 10, 135, 'Pasillo 4, Estante B', 1);
INSERT INTO productos (id_subcategoria, id_marca, id_unidad, codigo, nombre, descripcion, precio_compra, precio_venta, stock_actual, stock_minimo, stock_maximo, ubicacion, activo) VALUES (21, 1, 8, 'PROD-0092', N'Llave Estilson', N'Descripción de Llave Estilson', 9.83, 14.43, 1, 6, 161, 'Pasillo 1, Estante B', 1);
INSERT INTO productos (id_subcategoria, id_marca, id_unidad, codigo, nombre, descripcion, precio_compra, precio_venta, stock_actual, stock_minimo, stock_maximo, ubicacion, activo) VALUES (21, 5, 2, 'PROD-0093', N'Llave Francesa', N'Descripción de Llave Francesa', 6.2, 9.14, 9, 18, 147, 'Pasillo 3, Estante B', 1);
INSERT INTO productos (id_subcategoria, id_marca, id_unidad, codigo, nombre, descripcion, precio_compra, precio_venta, stock_actual, stock_minimo, stock_maximo, ubicacion, activo) VALUES (21, 12, 5, 'PROD-0094', N'Martillo', N'Descripción de Martillo', 103.09, 138.31, 212, 7, 188, 'Pasillo 3, Estante B', 1);
INSERT INTO productos (id_subcategoria, id_marca, id_unidad, codigo, nombre, descripcion, precio_compra, precio_venta, stock_actual, stock_minimo, stock_maximo, ubicacion, activo) VALUES (21, 7, 6, 'PROD-0095', N'Nivel Burbuja', N'Descripción de Nivel Burbuja', 140.46, 209.84, 110, 13, 78, 'Pasillo 2, Estante A', 1);
INSERT INTO productos (id_subcategoria, id_marca, id_unidad, codigo, nombre, descripcion, precio_compra, precio_venta, stock_actual, stock_minimo, stock_maximo, ubicacion, activo) VALUES (21, 12, 1, 'PROD-0096', N'Pala', N'Descripción de Pala', 102.35, 134.62, 6, 10, 113, 'Pasillo 5, Estante A', 1);
INSERT INTO productos (id_subcategoria, id_marca, id_unidad, codigo, nombre, descripcion, precio_compra, precio_venta, stock_actual, stock_minimo, stock_maximo, ubicacion, activo) VALUES (21, 9, 6, 'PROD-0097', N'Remachadora Manual', N'Descripción de Remachadora Manual', 168.0, 234.67, 0, 17, 113, 'Pasillo 1, Estante C', 1);
INSERT INTO productos (id_subcategoria, id_marca, id_unidad, codigo, nombre, descripcion, precio_compra, precio_venta, stock_actual, stock_minimo, stock_maximo, ubicacion, activo) VALUES (21, 8, 6, 'PROD-0098', N'Sierra De Arco', N'Descripción de Sierra De Arco', 38.41, 51.44, 164, 5, 135, 'Pasillo 3, Estante A', 1);
INSERT INTO productos (id_subcategoria, id_marca, id_unidad, codigo, nombre, descripcion, precio_compra, precio_venta, stock_actual, stock_minimo, stock_maximo, ubicacion, activo) VALUES (21, 4, 1, 'PROD-0099', N'Tijera Hojalatera', N'Descripción de Tijera Hojalatera', 14.02, 18.32, 187, 5, 180, 'Pasillo 5, Estante A', 1);
INSERT INTO productos (id_subcategoria, id_marca, id_unidad, codigo, nombre, descripcion, precio_compra, precio_venta, stock_actual, stock_minimo, stock_maximo, ubicacion, activo) VALUES (21, 7, 7, 'PROD-0100', N'Wincha', N'Descripción de Wincha', 47.47, 63.59, 6, 16, 125, 'Pasillo 5, Estante A', 1);


-- INSERTS para la tabla 'imagenes_producto'
INSERT INTO imagenes_producto (id_producto, url_img) VALUES (1, N'imagenes/Electrisidad e iluminación/cable indeco negro.jpg');
INSERT INTO imagenes_producto (id_producto, url_img) VALUES (2, N'imagenes/Electrisidad e iluminación/cable indeco.webp');
INSERT INTO imagenes_producto (id_producto, url_img) VALUES (3, N'imagenes/Electrisidad e iluminación/caja octagonal.webp');
INSERT INTO imagenes_producto (id_producto, url_img) VALUES (4, N'imagenes/Electrisidad e iluminación/caja rectangular.jpg');
INSERT INTO imagenes_producto (id_producto, url_img) VALUES (5, N'imagenes/Electrisidad e iluminación/canaleta plastica.jpg');
INSERT INTO imagenes_producto (id_producto, url_img) VALUES (6, N'imagenes/Electrisidad e iluminación/cinta aislante.jpg');
INSERT INTO imagenes_producto (id_producto, url_img) VALUES (7, N'imagenes/Electrisidad e iluminación/cinta vulcanizante.jpg');
INSERT INTO imagenes_producto (id_producto, url_img) VALUES (8, N'imagenes/Electrisidad e iluminación/foco let.webp');
INSERT INTO imagenes_producto (id_producto, url_img) VALUES (9, N'imagenes/Electrisidad e iluminación/interruptor cimple empotrable.jpg');
INSERT INTO imagenes_producto (id_producto, url_img) VALUES (10, N'imagenes/Electrisidad e iluminación/llave diferencial.webp');
INSERT INTO imagenes_producto (id_producto, url_img) VALUES (11, N'imagenes/Electrisidad e iluminación/llave termomagnetica.webp');
INSERT INTO imagenes_producto (id_producto, url_img) VALUES (12, N'imagenes/Electrisidad e iluminación/pila AA.jpg');
INSERT INTO imagenes_producto (id_producto, url_img) VALUES (13, N'imagenes/Electrisidad e iluminación/provador de voltaje tipo lapiz.jpg');
INSERT INTO imagenes_producto (id_producto, url_img) VALUES (14, N'imagenes/Electrisidad e iluminación/reflector let.jpg');
INSERT INTO imagenes_producto (id_producto, url_img) VALUES (15, N'imagenes/Electrisidad e iluminación/sensor de movimiento para techo.webp');
INSERT INTO imagenes_producto (id_producto, url_img) VALUES (16, N'imagenes/Electrisidad e iluminación/soquete.webp');
INSERT INTO imagenes_producto (id_producto, url_img) VALUES (17, N'imagenes/Electrisidad e iluminación/TABLERO-DE-DISTRIBUCIÓN.png');
INSERT INTO imagenes_producto (id_producto, url_img) VALUES (18, N'imagenes/Electrisidad e iluminación/timbre zumbador.jpg');
INSERT INTO imagenes_producto (id_producto, url_img) VALUES (19, N'imagenes/Electrisidad e iluminación/tomacorriente doble con tierra.webp');
INSERT INTO imagenes_producto (id_producto, url_img) VALUES (20, N'imagenes/Electrisidad e iluminación/tubo corrugado.jpg');
INSERT INTO imagenes_producto (id_producto, url_img) VALUES (21, N'imagenes/gasfiteria, pintura y adesivos/bandeja para pintura.jpg');
INSERT INTO imagenes_producto (id_producto, url_img) VALUES (22, N'imagenes/gasfiteria, pintura y adesivos/brocha.webp');
INSERT INTO imagenes_producto (id_producto, url_img) VALUES (23, N'imagenes/gasfiteria, pintura y adesivos/cellador para pared.webp');
INSERT INTO imagenes_producto (id_producto, url_img) VALUES (24, N'imagenes/gasfiteria, pintura y adesivos/cinta masking.jpg');
INSERT INTO imagenes_producto (id_producto, url_img) VALUES (25, N'imagenes/gasfiteria, pintura y adesivos/cinta teflon.jpg');
INSERT INTO imagenes_producto (id_producto, url_img) VALUES (26, N'imagenes/gasfiteria, pintura y adesivos/codo pvc agua.jpg');
INSERT INTO imagenes_producto (id_producto, url_img) VALUES (27, N'imagenes/gasfiteria, pintura y adesivos/espatula.jpg');
INSERT INTO imagenes_producto (id_producto, url_img) VALUES (28, N'imagenes/gasfiteria, pintura y adesivos/lija de agua.webp');
INSERT INTO imagenes_producto (id_producto, url_img) VALUES (29, N'imagenes/gasfiteria, pintura y adesivos/lija fierro esmeril.webp');
INSERT INTO imagenes_producto (id_producto, url_img) VALUES (30, N'imagenes/gasfiteria, pintura y adesivos/pegamento de pvc.webp');
INSERT INTO imagenes_producto (id_producto, url_img) VALUES (31, N'imagenes/gasfiteria, pintura y adesivos/pegamento para madera.webp');
INSERT INTO imagenes_producto (id_producto, url_img) VALUES (32, N'imagenes/gasfiteria, pintura y adesivos/rodillo.webp');
INSERT INTO imagenes_producto (id_producto, url_img) VALUES (33, N'imagenes/gasfiteria, pintura y adesivos/silicona transparente.webp');
INSERT INTO imagenes_producto (id_producto, url_img) VALUES (34, N'imagenes/gasfiteria, pintura y adesivos/soldadura liquida.jpg');
INSERT INTO imagenes_producto (id_producto, url_img) VALUES (35, N'imagenes/gasfiteria, pintura y adesivos/T pvc agua.jpg');
INSERT INTO imagenes_producto (id_producto, url_img) VALUES (36, N'imagenes/gasfiteria, pintura y adesivos/thiner acrilico.webp');
INSERT INTO imagenes_producto (id_producto, url_img) VALUES (37, N'imagenes/gasfiteria, pintura y adesivos/trampa pvc para lavatorio.webp');
INSERT INTO imagenes_producto (id_producto, url_img) VALUES (38, N'imagenes/gasfiteria, pintura y adesivos/tubo pvc desague.jpg');
INSERT INTO imagenes_producto (id_producto, url_img) VALUES (39, N'imagenes/gasfiteria, pintura y adesivos/TUBOS-AGUA-PVC.jpg');
INSERT INTO imagenes_producto (id_producto, url_img) VALUES (40, N'imagenes/gasfiteria, pintura y adesivos/valvula de bronce.webp');
INSERT INTO imagenes_producto (id_producto, url_img) VALUES (41, N'imagenes/Herramientas de construccion y fijación/abrazadera metalica.webp');
INSERT INTO imagenes_producto (id_producto, url_img) VALUES (42, N'imagenes/Herramientas de construccion y fijación/alambre negro.jpg');
INSERT INTO imagenes_producto (id_producto, url_img) VALUES (43, N'imagenes/Herramientas de construccion y fijación/arandela plana.webp');
INSERT INTO imagenes_producto (id_producto, url_img) VALUES (44, N'imagenes/Herramientas de construccion y fijación/cinta perforadora.jpg');
INSERT INTO imagenes_producto (id_producto, url_img) VALUES (45, N'imagenes/Herramientas de construccion y fijación/clavo calamina.webp');
INSERT INTO imagenes_producto (id_producto, url_img) VALUES (46, N'imagenes/Herramientas de construccion y fijación/clavo de concreto.webp');
INSERT INTO imagenes_producto (id_producto, url_img) VALUES (47, N'imagenes/Herramientas de construccion y fijación/clavos de madera.webp');
INSERT INTO imagenes_producto (id_producto, url_img) VALUES (48, N'imagenes/Herramientas de construccion y fijación/esquinero metalico.webp');
INSERT INTO imagenes_producto (id_producto, url_img) VALUES (49, N'imagenes/Herramientas de construccion y fijación/grampa cable.webp');
INSERT INTO imagenes_producto (id_producto, url_img) VALUES (50, N'imagenes/Herramientas de construccion y fijación/malla electrosoldad.jpg');
INSERT INTO imagenes_producto (id_producto, url_img) VALUES (51, N'imagenes/Herramientas de construccion y fijación/perno anclaje.webp');
INSERT INTO imagenes_producto (id_producto, url_img) VALUES (52, N'imagenes/Herramientas de construccion y fijación/perno hexagonal.jpg');
INSERT INTO imagenes_producto (id_producto, url_img) VALUES (53, N'imagenes/Herramientas de construccion y fijación/remache de aluminio.jpg');
INSERT INTO imagenes_producto (id_producto, url_img) VALUES (54, N'imagenes/Herramientas de construccion y fijación/tornillo  autorroscante.jpg');
INSERT INTO imagenes_producto (id_producto, url_img) VALUES (55, N'imagenes/Herramientas de construccion y fijación/tornillo drywall.webp');
INSERT INTO imagenes_producto (id_producto, url_img) VALUES (56, N'imagenes/Herramientas de construccion y fijación/tuerca hexagonal.webp');
INSERT INTO imagenes_producto (id_producto, url_img) VALUES (57, N'imagenes/Herramientas de construccion y fijación/tuerca mariposa.jpg');
INSERT INTO imagenes_producto (id_producto, url_img) VALUES (58, N'imagenes/Herramientas de construccion y fijación/turugo plastico.webp');
INSERT INTO imagenes_producto (id_producto, url_img) VALUES (59, N'imagenes/Herramientas de construccion y fijación/varilla fierro corrucado.webp');
INSERT INTO imagenes_producto (id_producto, url_img) VALUES (60, N'imagenes/Herramientas de construccion y fijación/varilla roscada.jpg');
INSERT INTO imagenes_producto (id_producto, url_img) VALUES (61, N'imagenes/herramientas electricas y accesorios/amoledora angular.webp');
INSERT INTO imagenes_producto (id_producto, url_img) VALUES (62, N'imagenes/herramientas electricas y accesorios/broca copa madera.webp');
INSERT INTO imagenes_producto (id_producto, url_img) VALUES (63, N'imagenes/herramientas electricas y accesorios/brocas metal.webp');
INSERT INTO imagenes_producto (id_producto, url_img) VALUES (64, N'imagenes/herramientas electricas y accesorios/cargador de bateria.webp');
INSERT INTO imagenes_producto (id_producto, url_img) VALUES (65, N'imagenes/herramientas electricas y accesorios/cepillo-de-madera.jpg');
INSERT INTO imagenes_producto (id_producto, url_img) VALUES (66, N'imagenes/herramientas electricas y accesorios/disco corte metal.webp');
INSERT INTO imagenes_producto (id_producto, url_img) VALUES (67, N'imagenes/herramientas electricas y accesorios/disco diamantado para concreto.webp');
INSERT INTO imagenes_producto (id_producto, url_img) VALUES (68, N'imagenes/herramientas electricas y accesorios/disco para madera.webp');
INSERT INTO imagenes_producto (id_producto, url_img) VALUES (69, N'imagenes/herramientas electricas y accesorios/esmeril de banco.webp');
INSERT INTO imagenes_producto (id_producto, url_img) VALUES (70, N'imagenes/herramientas electricas y accesorios/extencion electrica.webp');
INSERT INTO imagenes_producto (id_producto, url_img) VALUES (71, N'imagenes/herramientas electricas y accesorios/lijadora orbital.jpg');
INSERT INTO imagenes_producto (id_producto, url_img) VALUES (72, N'imagenes/herramientas electricas y accesorios/mandril llave taladro.webp');
INSERT INTO imagenes_producto (id_producto, url_img) VALUES (73, N'imagenes/herramientas electricas y accesorios/pilas.webp');
INSERT INTO imagenes_producto (id_producto, url_img) VALUES (74, N'imagenes/herramientas electricas y accesorios/pistola de calor.webp');
INSERT INTO imagenes_producto (id_producto, url_img) VALUES (75, N'imagenes/herramientas electricas y accesorios/pistola de clavos.webp');
INSERT INTO imagenes_producto (id_producto, url_img) VALUES (76, N'imagenes/herramientas electricas y accesorios/rotomartillo.jpg');
INSERT INTO imagenes_producto (id_producto, url_img) VALUES (77, N'imagenes/herramientas electricas y accesorios/set brocas concreto.webp');
INSERT INTO imagenes_producto (id_producto, url_img) VALUES (78, N'imagenes/herramientas electricas y accesorios/sierra caladora.webp');
INSERT INTO imagenes_producto (id_producto, url_img) VALUES (79, N'imagenes/herramientas electricas y accesorios/sierra circular.jpg');
INSERT INTO imagenes_producto (id_producto, url_img) VALUES (80, N'imagenes/herramientas electricas y accesorios/taladro inalambrico.webp');
INSERT INTO imagenes_producto (id_producto, url_img) VALUES (81, N'imagenes/herramientas manuales/alicate de corte.webp');
INSERT INTO imagenes_producto (id_producto, url_img) VALUES (82, N'imagenes/herramientas manuales/alicate de punta.png');
INSERT INTO imagenes_producto (id_producto, url_img) VALUES (83, N'imagenes/herramientas manuales/alicate universal.webp');
INSERT INTO imagenes_producto (id_producto, url_img) VALUES (84, N'imagenes/herramientas manuales/cincel puntero.jpg');
INSERT INTO imagenes_producto (id_producto, url_img) VALUES (85, N'imagenes/herramientas manuales/cutter.jpg');
INSERT INTO imagenes_producto (id_producto, url_img) VALUES (86, N'imagenes/herramientas manuales/escuadra metalica.jpg');
INSERT INTO imagenes_producto (id_producto, url_img) VALUES (87, N'imagenes/herramientas manuales/formo madera.webp');
INSERT INTO imagenes_producto (id_producto, url_img) VALUES (88, N'imagenes/herramientas manuales/juego de destornilladores.webp');
INSERT INTO imagenes_producto (id_producto, url_img) VALUES (89, N'imagenes/herramientas manuales/juego de llabes.jpg');
INSERT INTO imagenes_producto (id_producto, url_img) VALUES (90, N'imagenes/herramientas manuales/lima.jpg');
INSERT INTO imagenes_producto (id_producto, url_img) VALUES (91, N'imagenes/herramientas manuales/llave corona.jpg');
INSERT INTO imagenes_producto (id_producto, url_img) VALUES (92, N'imagenes/herramientas manuales/llave estilson.jpg');
INSERT INTO imagenes_producto (id_producto, url_img) VALUES (93, N'imagenes/herramientas manuales/llave francesa.jpg');
INSERT INTO imagenes_producto (id_producto, url_img) VALUES (94, N'imagenes/herramientas manuales/martillo.webp');
INSERT INTO imagenes_producto (id_producto, url_img) VALUES (95, N'imagenes/herramientas manuales/nivel burbuja.jpg');
INSERT INTO imagenes_producto (id_producto, url_img) VALUES (96, N'imagenes/herramientas manuales/pala.webp');
INSERT INTO imagenes_producto (id_producto, url_img) VALUES (97, N'imagenes/herramientas manuales/remachadora manual.jpg');
INSERT INTO imagenes_producto (id_producto, url_img) VALUES (98, N'imagenes/herramientas manuales/sierra de arco.jpg');
INSERT INTO imagenes_producto (id_producto, url_img) VALUES (99, N'imagenes/herramientas manuales/tijera hojalatera.webp');
INSERT INTO imagenes_producto (id_producto, url_img) VALUES (100, N'imagenes/herramientas manuales/wincha.jpg');


-- INSERTS para la tabla 'productos_almacen'
INSERT INTO productos_almacen (id_producto, id_almacen, stock) VALUES (1, 1, 76);
INSERT INTO productos_almacen (id_producto, id_almacen, stock) VALUES (1, 2, 76);
INSERT INTO productos_almacen (id_producto, id_almacen, stock) VALUES (2, 1, 40);
INSERT INTO productos_almacen (id_producto, id_almacen, stock) VALUES (2, 2, 40);
INSERT INTO productos_almacen (id_producto, id_almacen, stock) VALUES (3, 1, 0);
INSERT INTO productos_almacen (id_producto, id_almacen, stock) VALUES (3, 2, 0);
INSERT INTO productos_almacen (id_producto, id_almacen, stock) VALUES (4, 1, 92);
INSERT INTO productos_almacen (id_producto, id_almacen, stock) VALUES (4, 2, 92);
INSERT INTO productos_almacen (id_producto, id_almacen, stock) VALUES (5, 1, 3);
INSERT INTO productos_almacen (id_producto, id_almacen, stock) VALUES (5, 2, 3);
INSERT INTO productos_almacen (id_producto, id_almacen, stock) VALUES (6, 1, 59);
INSERT INTO productos_almacen (id_producto, id_almacen, stock) VALUES (6, 2, 59);
INSERT INTO productos_almacen (id_producto, id_almacen, stock) VALUES (7, 1, 110);
INSERT INTO productos_almacen (id_producto, id_almacen, stock) VALUES (7, 2, 111);
INSERT INTO productos_almacen (id_producto, id_almacen, stock) VALUES (8, 1, 1);
INSERT INTO productos_almacen (id_producto, id_almacen, stock) VALUES (8, 2, 2);
INSERT INTO productos_almacen (id_producto, id_almacen, stock) VALUES (9, 1, 1);
INSERT INTO productos_almacen (id_producto, id_almacen, stock) VALUES (9, 2, 2);
INSERT INTO productos_almacen (id_producto, id_almacen, stock) VALUES (10, 1, 2);
INSERT INTO productos_almacen (id_producto, id_almacen, stock) VALUES (10, 2, 2);
INSERT INTO productos_almacen (id_producto, id_almacen, stock) VALUES (11, 1, 0);
INSERT INTO productos_almacen (id_producto, id_almacen, stock) VALUES (11, 2, 0);
INSERT INTO productos_almacen (id_producto, id_almacen, stock) VALUES (12, 1, 3);
INSERT INTO productos_almacen (id_producto, id_almacen, stock) VALUES (12, 2, 4);
INSERT INTO productos_almacen (id_producto, id_almacen, stock) VALUES (13, 1, 5);
INSERT INTO productos_almacen (id_producto, id_almacen, stock) VALUES (13, 2, 6);
INSERT INTO productos_almacen (id_producto, id_almacen, stock) VALUES (14, 1, 5);
INSERT INTO productos_almacen (id_producto, id_almacen, stock) VALUES (14, 2, 6);
INSERT INTO productos_almacen (id_producto, id_almacen, stock) VALUES (15, 1, 43);
INSERT INTO productos_almacen (id_producto, id_almacen, stock) VALUES (15, 2, 43);
INSERT INTO productos_almacen (id_producto, id_almacen, stock) VALUES (16, 1, 28);
INSERT INTO productos_almacen (id_producto, id_almacen, stock) VALUES (16, 2, 28);
INSERT INTO productos_almacen (id_producto, id_almacen, stock) VALUES (17, 1, 56);
INSERT INTO productos_almacen (id_producto, id_almacen, stock) VALUES (17, 2, 57);
INSERT INTO productos_almacen (id_producto, id_almacen, stock) VALUES (18, 1, 1);
INSERT INTO productos_almacen (id_producto, id_almacen, stock) VALUES (18, 2, 2);
INSERT INTO productos_almacen (id_producto, id_almacen, stock) VALUES (19, 1, 13);
INSERT INTO productos_almacen (id_producto, id_almacen, stock) VALUES (19, 2, 13);
INSERT INTO productos_almacen (id_producto, id_almacen, stock) VALUES (20, 1, 90);
INSERT INTO productos_almacen (id_producto, id_almacen, stock) VALUES (20, 2, 90);
INSERT INTO productos_almacen (id_producto, id_almacen, stock) VALUES (21, 1, 0);
INSERT INTO productos_almacen (id_producto, id_almacen, stock) VALUES (21, 2, 0);
INSERT INTO productos_almacen (id_producto, id_almacen, stock) VALUES (22, 1, 0);
INSERT INTO productos_almacen (id_producto, id_almacen, stock) VALUES (22, 2, 0);
INSERT INTO productos_almacen (id_producto, id_almacen, stock) VALUES (23, 1, 51);
INSERT INTO productos_almacen (id_producto, id_almacen, stock) VALUES (23, 2, 52);
INSERT INTO productos_almacen (id_producto, id_almacen, stock) VALUES (24, 1, 79);
INSERT INTO productos_almacen (id_producto, id_almacen, stock) VALUES (24, 2, 80);
INSERT INTO productos_almacen (id_producto, id_almacen, stock) VALUES (25, 1, 54);
INSERT INTO productos_almacen (id_producto, id_almacen, stock) VALUES (25, 2, 55);
INSERT INTO productos_almacen (id_producto, id_almacen, stock) VALUES (26, 1, 69);
INSERT INTO productos_almacen (id_producto, id_almacen, stock) VALUES (26, 2, 70);
INSERT INTO productos_almacen (id_producto, id_almacen, stock) VALUES (27, 1, 0);
INSERT INTO productos_almacen (id_producto, id_almacen, stock) VALUES (27, 2, 1);
INSERT INTO productos_almacen (id_producto, id_almacen, stock) VALUES (28, 1, 53);
INSERT INTO productos_almacen (id_producto, id_almacen, stock) VALUES (28, 2, 53);
INSERT INTO productos_almacen (id_producto, id_almacen, stock) VALUES (29, 1, 88);
INSERT INTO productos_almacen (id_producto, id_almacen, stock) VALUES (29, 2, 89);
INSERT INTO productos_almacen (id_producto, id_almacen, stock) VALUES (30, 1, 16);
INSERT INTO productos_almacen (id_producto, id_almacen, stock) VALUES (30, 2, 17);
INSERT INTO productos_almacen (id_producto, id_almacen, stock) VALUES (31, 1, 1);
INSERT INTO productos_almacen (id_producto, id_almacen, stock) VALUES (31, 2, 2);
INSERT INTO productos_almacen (id_producto, id_almacen, stock) VALUES (32, 1, 73);
INSERT INTO productos_almacen (id_producto, id_almacen, stock) VALUES (32, 2, 73);
INSERT INTO productos_almacen (id_producto, id_almacen, stock) VALUES (33, 1, 0);
INSERT INTO productos_almacen (id_producto, id_almacen, stock) VALUES (33, 2, 0);
INSERT INTO productos_almacen (id_producto, id_almacen, stock) VALUES (34, 1, 78);
INSERT INTO productos_almacen (id_producto, id_almacen, stock) VALUES (34, 2, 79);
INSERT INTO productos_almacen (id_producto, id_almacen, stock) VALUES (35, 1, 91);
INSERT INTO productos_almacen (id_producto, id_almacen, stock) VALUES (35, 2, 92);
INSERT INTO productos_almacen (id_producto, id_almacen, stock) VALUES (36, 1, 0);
INSERT INTO productos_almacen (id_producto, id_almacen, stock) VALUES (36, 2, 0);
INSERT INTO productos_almacen (id_producto, id_almacen, stock) VALUES (37, 1, 53);
INSERT INTO productos_almacen (id_producto, id_almacen, stock) VALUES (37, 2, 53);
INSERT INTO productos_almacen (id_producto, id_almacen, stock) VALUES (38, 1, 37);
INSERT INTO productos_almacen (id_producto, id_almacen, stock) VALUES (38, 2, 37);
INSERT INTO productos_almacen (id_producto, id_almacen, stock) VALUES (39, 1, 2);
INSERT INTO productos_almacen (id_producto, id_almacen, stock) VALUES (39, 2, 2);
INSERT INTO productos_almacen (id_producto, id_almacen, stock) VALUES (40, 1, 0);
INSERT INTO productos_almacen (id_producto, id_almacen, stock) VALUES (40, 2, 0);
INSERT INTO productos_almacen (id_producto, id_almacen, stock) VALUES (41, 1, 0);
INSERT INTO productos_almacen (id_producto, id_almacen, stock) VALUES (41, 2, 0);
INSERT INTO productos_almacen (id_producto, id_almacen, stock) VALUES (42, 1, 32);
INSERT INTO productos_almacen (id_producto, id_almacen, stock) VALUES (42, 2, 32);
INSERT INTO productos_almacen (id_producto, id_almacen, stock) VALUES (43, 1, 76);
INSERT INTO productos_almacen (id_producto, id_almacen, stock) VALUES (43, 2, 77);
INSERT INTO productos_almacen (id_producto, id_almacen, stock) VALUES (44, 1, 90);
INSERT INTO productos_almacen (id_producto, id_almacen, stock) VALUES (44, 2, 91);
INSERT INTO productos_almacen (id_producto, id_almacen, stock) VALUES (45, 1, 15);
INSERT INTO productos_almacen (id_producto, id_almacen, stock) VALUES (45, 2, 16);
INSERT INTO productos_almacen (id_producto, id_almacen, stock) VALUES (46, 1, 76);
INSERT INTO productos_almacen (id_producto, id_almacen, stock) VALUES (46, 2, 77);
INSERT INTO productos_almacen (id_producto, id_almacen, stock) VALUES (47, 1, 0);
INSERT INTO productos_almacen (id_producto, id_almacen, stock) VALUES (47, 2, 0);
INSERT INTO productos_almacen (id_producto, id_almacen, stock) VALUES (48, 1, 0);
INSERT INTO productos_almacen (id_producto, id_almacen, stock) VALUES (48, 2, 0);
INSERT INTO productos_almacen (id_producto, id_almacen, stock) VALUES (49, 1, 0);
INSERT INTO productos_almacen (id_producto, id_almacen, stock) VALUES (49, 2, 1);
INSERT INTO productos_almacen (id_producto, id_almacen, stock) VALUES (50, 1, 3);
INSERT INTO productos_almacen (id_producto, id_almacen, stock) VALUES (50, 2, 3);
INSERT INTO productos_almacen (id_producto, id_almacen, stock) VALUES (51, 1, 0);
INSERT INTO productos_almacen (id_producto, id_almacen, stock) VALUES (51, 2, 0);
INSERT INTO productos_almacen (id_producto, id_almacen, stock) VALUES (52, 1, 62);
INSERT INTO productos_almacen (id_producto, id_almacen, stock) VALUES (52, 2, 63);
INSERT INTO productos_almacen (id_producto, id_almacen, stock) VALUES (53, 1, 14);
INSERT INTO productos_almacen (id_producto, id_almacen, stock) VALUES (53, 2, 15);
INSERT INTO productos_almacen (id_producto, id_almacen, stock) VALUES (54, 1, 0);
INSERT INTO productos_almacen (id_producto, id_almacen, stock) VALUES (54, 2, 1);
INSERT INTO productos_almacen (id_producto, id_almacen, stock) VALUES (55, 1, 0);
INSERT INTO productos_almacen (id_producto, id_almacen, stock) VALUES (55, 2, 0);
INSERT INTO productos_almacen (id_producto, id_almacen, stock) VALUES (56, 1, 0);
INSERT INTO productos_almacen (id_producto, id_almacen, stock) VALUES (56, 2, 0);
INSERT INTO productos_almacen (id_producto, id_almacen, stock) VALUES (57, 1, 22);
INSERT INTO productos_almacen (id_producto, id_almacen, stock) VALUES (57, 2, 23);
INSERT INTO productos_almacen (id_producto, id_almacen, stock) VALUES (58, 1, 0);
INSERT INTO productos_almacen (id_producto, id_almacen, stock) VALUES (58, 2, 0);
INSERT INTO productos_almacen (id_producto, id_almacen, stock) VALUES (59, 1, 76);
INSERT INTO productos_almacen (id_producto, id_almacen, stock) VALUES (59, 2, 76);
INSERT INTO productos_almacen (id_producto, id_almacen, stock) VALUES (60, 1, 2);
INSERT INTO productos_almacen (id_producto, id_almacen, stock) VALUES (60, 2, 3);
INSERT INTO productos_almacen (id_producto, id_almacen, stock) VALUES (61, 1, 0);
INSERT INTO productos_almacen (id_producto, id_almacen, stock) VALUES (61, 2, 0);
INSERT INTO productos_almacen (id_producto, id_almacen, stock) VALUES (62, 1, 14);
INSERT INTO productos_almacen (id_producto, id_almacen, stock) VALUES (62, 2, 15);
INSERT INTO productos_almacen (id_producto, id_almacen, stock) VALUES (63, 1, 84);
INSERT INTO productos_almacen (id_producto, id_almacen, stock) VALUES (63, 2, 84);
INSERT INTO productos_almacen (id_producto, id_almacen, stock) VALUES (64, 1, 121);
INSERT INTO productos_almacen (id_producto, id_almacen, stock) VALUES (64, 2, 122);
INSERT INTO productos_almacen (id_producto, id_almacen, stock) VALUES (65, 1, 64);
INSERT INTO productos_almacen (id_producto, id_almacen, stock) VALUES (65, 2, 65);
INSERT INTO productos_almacen (id_producto, id_almacen, stock) VALUES (66, 1, 54);
INSERT INTO productos_almacen (id_producto, id_almacen, stock) VALUES (66, 2, 54);
INSERT INTO productos_almacen (id_producto, id_almacen, stock) VALUES (67, 1, 2);
INSERT INTO productos_almacen (id_producto, id_almacen, stock) VALUES (67, 2, 3);
INSERT INTO productos_almacen (id_producto, id_almacen, stock) VALUES (68, 1, 5);
INSERT INTO productos_almacen (id_producto, id_almacen, stock) VALUES (68, 2, 5);
INSERT INTO productos_almacen (id_producto, id_almacen, stock) VALUES (69, 1, 45);
INSERT INTO productos_almacen (id_producto, id_almacen, stock) VALUES (69, 2, 46);
INSERT INTO productos_almacen (id_producto, id_almacen, stock) VALUES (70, 1, 85);
INSERT INTO productos_almacen (id_producto, id_almacen, stock) VALUES (70, 2, 85);
INSERT INTO productos_almacen (id_producto, id_almacen, stock) VALUES (71, 1, 0);
INSERT INTO productos_almacen (id_producto, id_almacen, stock) VALUES (71, 2, 0);
INSERT INTO productos_almacen (id_producto, id_almacen, stock) VALUES (72, 1, 0);
INSERT INTO productos_almacen (id_producto, id_almacen, stock) VALUES (72, 2, 0);
INSERT INTO productos_almacen (id_producto, id_almacen, stock) VALUES (73, 1, 0);
INSERT INTO productos_almacen (id_producto, id_almacen, stock) VALUES (73, 2, 0);
INSERT INTO productos_almacen (id_producto, id_almacen, stock) VALUES (74, 1, 3);
INSERT INTO productos_almacen (id_producto, id_almacen, stock) VALUES (74, 2, 4);
INSERT INTO productos_almacen (id_producto, id_almacen, stock) VALUES (75, 1, 0);
INSERT INTO productos_almacen (id_producto, id_almacen, stock) VALUES (75, 2, 0);
INSERT INTO productos_almacen (id_producto, id_almacen, stock) VALUES (76, 1, 83);
INSERT INTO productos_almacen (id_producto, id_almacen, stock) VALUES (76, 2, 83);
INSERT INTO productos_almacen (id_producto, id_almacen, stock) VALUES (77, 1, 51);
INSERT INTO productos_almacen (id_producto, id_almacen, stock) VALUES (77, 2, 52);
INSERT INTO productos_almacen (id_producto, id_almacen, stock) VALUES (78, 1, 0);
INSERT INTO productos_almacen (id_producto, id_almacen, stock) VALUES (78, 2, 0);
INSERT INTO productos_almacen (id_producto, id_almacen, stock) VALUES (79, 1, 0);
INSERT INTO productos_almacen (id_producto, id_almacen, stock) VALUES (79, 2, 0);
INSERT INTO productos_almacen (id_producto, id_almacen, stock) VALUES (80, 1, 0);
INSERT INTO productos_almacen (id_producto, id_almacen, stock) VALUES (80, 2, 0);
INSERT INTO productos_almacen (id_producto, id_almacen, stock) VALUES (81, 1, 0);
INSERT INTO productos_almacen (id_producto, id_almacen, stock) VALUES (81, 2, 0);
INSERT INTO productos_almacen (id_producto, id_almacen, stock) VALUES (82, 1, 81);
INSERT INTO productos_almacen (id_producto, id_almacen, stock) VALUES (82, 2, 81);
INSERT INTO productos_almacen (id_producto, id_almacen, stock) VALUES (83, 1, 2);
INSERT INTO productos_almacen (id_producto, id_almacen, stock) VALUES (83, 2, 3);
INSERT INTO productos_almacen (id_producto, id_almacen, stock) VALUES (84, 1, 4);
INSERT INTO productos_almacen (id_producto, id_almacen, stock) VALUES (84, 2, 4);
INSERT INTO productos_almacen (id_producto, id_almacen, stock) VALUES (85, 1, 2);
INSERT INTO productos_almacen (id_producto, id_almacen, stock) VALUES (85, 2, 2);
INSERT INTO productos_almacen (id_producto, id_almacen, stock) VALUES (86, 1, 4);
INSERT INTO productos_almacen (id_producto, id_almacen, stock) VALUES (86, 2, 4);
INSERT INTO productos_almacen (id_producto, id_almacen, stock) VALUES (87, 1, 83);
INSERT INTO productos_almacen (id_producto, id_almacen, stock) VALUES (87, 2, 84);
INSERT INTO productos_almacen (id_producto, id_almacen, stock) VALUES (88, 1, 106);
INSERT INTO productos_almacen (id_producto, id_almacen, stock) VALUES (88, 2, 106);
INSERT INTO productos_almacen (id_producto, id_almacen, stock) VALUES (89, 1, 32);
INSERT INTO productos_almacen (id_producto, id_almacen, stock) VALUES (89, 2, 32);
INSERT INTO productos_almacen (id_producto, id_almacen, stock) VALUES (90, 1, 7);
INSERT INTO productos_almacen (id_producto, id_almacen, stock) VALUES (90, 2, 8);
INSERT INTO productos_almacen (id_producto, id_almacen, stock) VALUES (91, 1, 0);
INSERT INTO productos_almacen (id_producto, id_almacen, stock) VALUES (91, 2, 0);
INSERT INTO productos_almacen (id_producto, id_almacen, stock) VALUES (92, 1, 0);
INSERT INTO productos_almacen (id_producto, id_almacen, stock) VALUES (92, 2, 1);
INSERT INTO productos_almacen (id_producto, id_almacen, stock) VALUES (93, 1, 4);
INSERT INTO productos_almacen (id_producto, id_almacen, stock) VALUES (93, 2, 5);
INSERT INTO productos_almacen (id_producto, id_almacen, stock) VALUES (94, 1, 106);
INSERT INTO productos_almacen (id_producto, id_almacen, stock) VALUES (94, 2, 106);
INSERT INTO productos_almacen (id_producto, id_almacen, stock) VALUES (95, 1, 55);
INSERT INTO productos_almacen (id_producto, id_almacen, stock) VALUES (95, 2, 55);
INSERT INTO productos_almacen (id_producto, id_almacen, stock) VALUES (96, 1, 3);
INSERT INTO productos_almacen (id_producto, id_almacen, stock) VALUES (96, 2, 3);
INSERT INTO productos_almacen (id_producto, id_almacen, stock) VALUES (97, 1, 0);
INSERT INTO productos_almacen (id_producto, id_almacen, stock) VALUES (97, 2, 0);
INSERT INTO productos_almacen (id_producto, id_almacen, stock) VALUES (98, 1, 82);
INSERT INTO productos_almacen (id_producto, id_almacen, stock) VALUES (98, 2, 82);
INSERT INTO productos_almacen (id_producto, id_almacen, stock) VALUES (99, 1, 93);
INSERT INTO productos_almacen (id_producto, id_almacen, stock) VALUES (99, 2, 94);
INSERT INTO productos_almacen (id_producto, id_almacen, stock) VALUES (100, 1, 3);
INSERT INTO productos_almacen (id_producto, id_almacen, stock) VALUES (100, 2, 3);

-- INSERTS para la tabla 'ordenes_compra' y 'detalle_orden_compra'
INSERT INTO ordenes_compra (id_proveedor, id_empleado, numero_orden, fecha, fecha_esperada, estado, subtotal, igv, total, observacion) VALUES (3, 4, 'OC-00001', '2026-04-04 04:32:30', '2026-04-11', 'borrador', 0, 0, 0, N'Orden de compra OC-00001');
DECLARE @id_orden_1 INT = SCOPE_IDENTITY();
INSERT INTO detalle_orden_compra (id_orden, id_producto, cantidad_solicitada, cantidad_recibida, precio_unitario, subtotal) VALUES (@id_orden_1, 26, 11, 0, 104.71, 1151.81);
UPDATE ordenes_compra SET subtotal = 1151.81, igv = 207.33, total = 1359.14 WHERE id_orden = @id_orden_1;
INSERT INTO ordenes_compra (id_proveedor, id_empleado, numero_orden, fecha, fecha_esperada, estado, subtotal, igv, total, observacion) VALUES (3, 2, 'OC-00002', '2026-03-13 04:32:30', '2026-03-19', 'enviada', 0, 0, 0, N'Orden de compra OC-00002');
DECLARE @id_orden_2 INT = SCOPE_IDENTITY();
INSERT INTO detalle_orden_compra (id_orden, id_producto, cantidad_solicitada, cantidad_recibida, precio_unitario, subtotal) VALUES (@id_orden_2, 48, 2, 0, 22.42, 44.84);
INSERT INTO detalle_orden_compra (id_orden, id_producto, cantidad_solicitada, cantidad_recibida, precio_unitario, subtotal) VALUES (@id_orden_2, 91, 14, 0, 55.11, 771.54);
INSERT INTO detalle_orden_compra (id_orden, id_producto, cantidad_solicitada, cantidad_recibida, precio_unitario, subtotal) VALUES (@id_orden_2, 75, 4, 0, 40.34, 161.36);
UPDATE ordenes_compra SET subtotal = 977.74, igv = 175.99, total = 1153.73 WHERE id_orden = @id_orden_2;
INSERT INTO ordenes_compra (id_proveedor, id_empleado, numero_orden, fecha, fecha_esperada, estado, subtotal, igv, total, observacion) VALUES (3, 3, 'OC-00003', '2026-06-20 04:32:30', '2026-07-09', 'enviada', 0, 0, 0, N'Orden de compra OC-00003');
DECLARE @id_orden_3 INT = SCOPE_IDENTITY();
INSERT INTO detalle_orden_compra (id_orden, id_producto, cantidad_solicitada, cantidad_recibida, precio_unitario, subtotal) VALUES (@id_orden_3, 7, 2, 0, 147.36, 294.72);
INSERT INTO detalle_orden_compra (id_orden, id_producto, cantidad_solicitada, cantidad_recibida, precio_unitario, subtotal) VALUES (@id_orden_3, 92, 17, 0, 112.97, 1920.49);
INSERT INTO detalle_orden_compra (id_orden, id_producto, cantidad_solicitada, cantidad_recibida, precio_unitario, subtotal) VALUES (@id_orden_3, 17, 18, 0, 62.41, 1123.38);
INSERT INTO detalle_orden_compra (id_orden, id_producto, cantidad_solicitada, cantidad_recibida, precio_unitario, subtotal) VALUES (@id_orden_3, 51, 2, 0, 94.27, 188.54);
INSERT INTO detalle_orden_compra (id_orden, id_producto, cantidad_solicitada, cantidad_recibida, precio_unitario, subtotal) VALUES (@id_orden_3, 58, 3, 0, 138.41, 415.23);
UPDATE ordenes_compra SET subtotal = 3942.36, igv = 709.62, total = 4651.98 WHERE id_orden = @id_orden_3;
INSERT INTO ordenes_compra (id_proveedor, id_empleado, numero_orden, fecha, fecha_esperada, estado, subtotal, igv, total, observacion) VALUES (3, 3, 'OC-00004', '2026-02-25 04:32:30', '2026-03-04', 'anulada', 0, 0, 0, N'Orden de compra OC-00004');
DECLARE @id_orden_4 INT = SCOPE_IDENTITY();
INSERT INTO detalle_orden_compra (id_orden, id_producto, cantidad_solicitada, cantidad_recibida, precio_unitario, subtotal) VALUES (@id_orden_4, 64, 12, 0, 75.46, 905.52);
INSERT INTO detalle_orden_compra (id_orden, id_producto, cantidad_solicitada, cantidad_recibida, precio_unitario, subtotal) VALUES (@id_orden_4, 45, 1, 0, 28.12, 28.12);
INSERT INTO detalle_orden_compra (id_orden, id_producto, cantidad_solicitada, cantidad_recibida, precio_unitario, subtotal) VALUES (@id_orden_4, 7, 13, 0, 141.85, 1844.05);
INSERT INTO detalle_orden_compra (id_orden, id_producto, cantidad_solicitada, cantidad_recibida, precio_unitario, subtotal) VALUES (@id_orden_4, 9, 7, 0, 101.88, 713.16);
INSERT INTO detalle_orden_compra (id_orden, id_producto, cantidad_solicitada, cantidad_recibida, precio_unitario, subtotal) VALUES (@id_orden_4, 100, 9, 0, 18.52, 166.68);
UPDATE ordenes_compra SET subtotal = 3657.5299999999997, igv = 658.36, total = 4315.89 WHERE id_orden = @id_orden_4;
INSERT INTO ordenes_compra (id_proveedor, id_empleado, numero_orden, fecha, fecha_esperada, estado, subtotal, igv, total, observacion) VALUES (1, 4, 'OC-00005', '2026-03-24 04:32:30', '2026-04-05', 'borrador', 0, 0, 0, N'Orden de compra OC-00005');
DECLARE @id_orden_5 INT = SCOPE_IDENTITY();
INSERT INTO detalle_orden_compra (id_orden, id_producto, cantidad_solicitada, cantidad_recibida, precio_unitario, subtotal) VALUES (@id_orden_5, 84, 10, 0, 44.18, 441.8);
INSERT INTO detalle_orden_compra (id_orden, id_producto, cantidad_solicitada, cantidad_recibida, precio_unitario, subtotal) VALUES (@id_orden_5, 52, 11, 0, 80.18, 881.98);
INSERT INTO detalle_orden_compra (id_orden, id_producto, cantidad_solicitada, cantidad_recibida, precio_unitario, subtotal) VALUES (@id_orden_5, 52, 4, 0, 142.34, 569.36);
INSERT INTO detalle_orden_compra (id_orden, id_producto, cantidad_solicitada, cantidad_recibida, precio_unitario, subtotal) VALUES (@id_orden_5, 18, 8, 0, 57.46, 459.68);
INSERT INTO detalle_orden_compra (id_orden, id_producto, cantidad_solicitada, cantidad_recibida, precio_unitario, subtotal) VALUES (@id_orden_5, 14, 3, 0, 30.55, 91.65);
UPDATE ordenes_compra SET subtotal = 2444.47, igv = 440.0, total = 2884.47 WHERE id_orden = @id_orden_5;
INSERT INTO ordenes_compra (id_proveedor, id_empleado, numero_orden, fecha, fecha_esperada, estado, subtotal, igv, total, observacion) VALUES (3, 2, 'OC-00006', '2026-06-01 04:32:30', '2026-06-17', 'recibida', 0, 0, 0, N'Orden de compra OC-00006');
DECLARE @id_orden_6 INT = SCOPE_IDENTITY();
INSERT INTO detalle_orden_compra (id_orden, id_producto, cantidad_solicitada, cantidad_recibida, precio_unitario, subtotal) VALUES (@id_orden_6, 99, 11, 11, 83.05, 913.55);
INSERT INTO detalle_orden_compra (id_orden, id_producto, cantidad_solicitada, cantidad_recibida, precio_unitario, subtotal) VALUES (@id_orden_6, 75, 1, 1, 62.73, 62.73);
INSERT INTO detalle_orden_compra (id_orden, id_producto, cantidad_solicitada, cantidad_recibida, precio_unitario, subtotal) VALUES (@id_orden_6, 60, 5, 5, 116.34, 581.7);
INSERT INTO detalle_orden_compra (id_orden, id_producto, cantidad_solicitada, cantidad_recibida, precio_unitario, subtotal) VALUES (@id_orden_6, 74, 13, 13, 91.16, 1185.08);
INSERT INTO detalle_orden_compra (id_orden, id_producto, cantidad_solicitada, cantidad_recibida, precio_unitario, subtotal) VALUES (@id_orden_6, 27, 2, 2, 149.94, 299.88);
UPDATE ordenes_compra SET subtotal = 3042.94, igv = 547.73, total = 3590.67 WHERE id_orden = @id_orden_6;
INSERT INTO ordenes_compra (id_proveedor, id_empleado, numero_orden, fecha, fecha_esperada, estado, subtotal, igv, total, observacion) VALUES (5, 4, 'OC-00007', '2026-04-26 04:32:30', '2026-05-11', 'borrador', 0, 0, 0, N'Orden de compra OC-00007');
DECLARE @id_orden_7 INT = SCOPE_IDENTITY();
INSERT INTO detalle_orden_compra (id_orden, id_producto, cantidad_solicitada, cantidad_recibida, precio_unitario, subtotal) VALUES (@id_orden_7, 25, 16, 0, 149.62, 2393.92);
INSERT INTO detalle_orden_compra (id_orden, id_producto, cantidad_solicitada, cantidad_recibida, precio_unitario, subtotal) VALUES (@id_orden_7, 3, 1, 0, 96.92, 96.92);
UPDATE ordenes_compra SET subtotal = 2490.84, igv = 448.35, total = 2939.19 WHERE id_orden = @id_orden_7;
INSERT INTO ordenes_compra (id_proveedor, id_empleado, numero_orden, fecha, fecha_esperada, estado, subtotal, igv, total, observacion) VALUES (5, 4, 'OC-00008', '2026-06-03 04:32:30', '2026-06-10', 'borrador', 0, 0, 0, N'Orden de compra OC-00008');
DECLARE @id_orden_8 INT = SCOPE_IDENTITY();
INSERT INTO detalle_orden_compra (id_orden, id_producto, cantidad_solicitada, cantidad_recibida, precio_unitario, subtotal) VALUES (@id_orden_8, 24, 20, 0, 148.12, 2962.4);
INSERT INTO detalle_orden_compra (id_orden, id_producto, cantidad_solicitada, cantidad_recibida, precio_unitario, subtotal) VALUES (@id_orden_8, 28, 11, 0, 112.44, 1236.84);
INSERT INTO detalle_orden_compra (id_orden, id_producto, cantidad_solicitada, cantidad_recibida, precio_unitario, subtotal) VALUES (@id_orden_8, 41, 14, 0, 54.71, 765.94);
INSERT INTO detalle_orden_compra (id_orden, id_producto, cantidad_solicitada, cantidad_recibida, precio_unitario, subtotal) VALUES (@id_orden_8, 25, 6, 0, 101.2, 607.2);
UPDATE ordenes_compra SET subtotal = 5572.38, igv = 1003.03, total = 6575.41 WHERE id_orden = @id_orden_8;
INSERT INTO ordenes_compra (id_proveedor, id_empleado, numero_orden, fecha, fecha_esperada, estado, subtotal, igv, total, observacion) VALUES (4, 5, 'OC-00009', '2026-06-05 04:32:30', '2026-06-14', 'anulada', 0, 0, 0, N'Orden de compra OC-00009');
DECLARE @id_orden_9 INT = SCOPE_IDENTITY();
INSERT INTO detalle_orden_compra (id_orden, id_producto, cantidad_solicitada, cantidad_recibida, precio_unitario, subtotal) VALUES (@id_orden_9, 33, 8, 0, 40.85, 326.8);
UPDATE ordenes_compra SET subtotal = 326.8, igv = 58.82, total = 385.62 WHERE id_orden = @id_orden_9;
INSERT INTO ordenes_compra (id_proveedor, id_empleado, numero_orden, fecha, fecha_esperada, estado, subtotal, igv, total, observacion) VALUES (3, 1, 'OC-00010', '2026-05-24 04:32:30', '2026-06-14', 'anulada', 0, 0, 0, N'Orden de compra OC-00010');
DECLARE @id_orden_10 INT = SCOPE_IDENTITY();
INSERT INTO detalle_orden_compra (id_orden, id_producto, cantidad_solicitada, cantidad_recibida, precio_unitario, subtotal) VALUES (@id_orden_10, 67, 16, 0, 54.3, 868.8);
INSERT INTO detalle_orden_compra (id_orden, id_producto, cantidad_solicitada, cantidad_recibida, precio_unitario, subtotal) VALUES (@id_orden_10, 39, 13, 0, 87.77, 1141.01);
INSERT INTO detalle_orden_compra (id_orden, id_producto, cantidad_solicitada, cantidad_recibida, precio_unitario, subtotal) VALUES (@id_orden_10, 81, 5, 0, 75.71, 378.55);
INSERT INTO detalle_orden_compra (id_orden, id_producto, cantidad_solicitada, cantidad_recibida, precio_unitario, subtotal) VALUES (@id_orden_10, 93, 15, 0, 123.48, 1852.2);
INSERT INTO detalle_orden_compra (id_orden, id_producto, cantidad_solicitada, cantidad_recibida, precio_unitario, subtotal) VALUES (@id_orden_10, 33, 4, 0, 63.1, 252.4);
UPDATE ordenes_compra SET subtotal = 4492.96, igv = 808.73, total = 5301.69 WHERE id_orden = @id_orden_10;
INSERT INTO ordenes_compra (id_proveedor, id_empleado, numero_orden, fecha, fecha_esperada, estado, subtotal, igv, total, observacion) VALUES (2, 5, 'OC-00011', '2026-03-02 04:32:30', '2026-03-27', 'recibida', 0, 0, 0, N'Orden de compra OC-00011');
DECLARE @id_orden_11 INT = SCOPE_IDENTITY();
INSERT INTO detalle_orden_compra (id_orden, id_producto, cantidad_solicitada, cantidad_recibida, precio_unitario, subtotal) VALUES (@id_orden_11, 73, 14, 14, 41.99, 587.86);
INSERT INTO detalle_orden_compra (id_orden, id_producto, cantidad_solicitada, cantidad_recibida, precio_unitario, subtotal) VALUES (@id_orden_11, 53, 18, 18, 95.81, 1724.58);
UPDATE ordenes_compra SET subtotal = 2312.44, igv = 416.24, total = 2728.68 WHERE id_orden = @id_orden_11;
INSERT INTO ordenes_compra (id_proveedor, id_empleado, numero_orden, fecha, fecha_esperada, estado, subtotal, igv, total, observacion) VALUES (2, 4, 'OC-00012', '2026-02-09 04:32:30', '2026-02-27', 'anulada', 0, 0, 0, N'Orden de compra OC-00012');
DECLARE @id_orden_12 INT = SCOPE_IDENTITY();
INSERT INTO detalle_orden_compra (id_orden, id_producto, cantidad_solicitada, cantidad_recibida, precio_unitario, subtotal) VALUES (@id_orden_12, 56, 19, 0, 47.26, 897.94);
INSERT INTO detalle_orden_compra (id_orden, id_producto, cantidad_solicitada, cantidad_recibida, precio_unitario, subtotal) VALUES (@id_orden_12, 56, 14, 0, 56.57, 791.98);
INSERT INTO detalle_orden_compra (id_orden, id_producto, cantidad_solicitada, cantidad_recibida, precio_unitario, subtotal) VALUES (@id_orden_12, 86, 18, 0, 61.47, 1106.46);
UPDATE ordenes_compra SET subtotal = 2796.38, igv = 503.35, total = 3299.73 WHERE id_orden = @id_orden_12;
INSERT INTO ordenes_compra (id_proveedor, id_empleado, numero_orden, fecha, fecha_esperada, estado, subtotal, igv, total, observacion) VALUES (4, 3, 'OC-00013', '2026-06-08 04:32:30', '2026-06-28', 'anulada', 0, 0, 0, N'Orden de compra OC-00013');
DECLARE @id_orden_13 INT = SCOPE_IDENTITY();
INSERT INTO detalle_orden_compra (id_orden, id_producto, cantidad_solicitada, cantidad_recibida, precio_unitario, subtotal) VALUES (@id_orden_13, 26, 12, 0, 70.08, 840.96);
UPDATE ordenes_compra SET subtotal = 840.96, igv = 151.37, total = 992.33 WHERE id_orden = @id_orden_13;
INSERT INTO ordenes_compra (id_proveedor, id_empleado, numero_orden, fecha, fecha_esperada, estado, subtotal, igv, total, observacion) VALUES (1, 1, 'OC-00014', '2026-03-06 04:32:30', '2026-03-25', 'anulada', 0, 0, 0, N'Orden de compra OC-00014');
DECLARE @id_orden_14 INT = SCOPE_IDENTITY();
INSERT INTO detalle_orden_compra (id_orden, id_producto, cantidad_solicitada, cantidad_recibida, precio_unitario, subtotal) VALUES (@id_orden_14, 11, 12, 0, 145.27, 1743.24);
INSERT INTO detalle_orden_compra (id_orden, id_producto, cantidad_solicitada, cantidad_recibida, precio_unitario, subtotal) VALUES (@id_orden_14, 16, 15, 0, 94.06, 1410.9);
INSERT INTO detalle_orden_compra (id_orden, id_producto, cantidad_solicitada, cantidad_recibida, precio_unitario, subtotal) VALUES (@id_orden_14, 95, 18, 0, 138.1, 2485.8);
INSERT INTO detalle_orden_compra (id_orden, id_producto, cantidad_solicitada, cantidad_recibida, precio_unitario, subtotal) VALUES (@id_orden_14, 48, 20, 0, 49.71, 994.2);
UPDATE ordenes_compra SET subtotal = 6634.14, igv = 1194.15, total = 7828.29 WHERE id_orden = @id_orden_14;
INSERT INTO ordenes_compra (id_proveedor, id_empleado, numero_orden, fecha, fecha_esperada, estado, subtotal, igv, total, observacion) VALUES (5, 4, 'OC-00015', '2026-01-31 04:32:30', '2026-02-13', 'anulada', 0, 0, 0, N'Orden de compra OC-00015');
DECLARE @id_orden_15 INT = SCOPE_IDENTITY();
INSERT INTO detalle_orden_compra (id_orden, id_producto, cantidad_solicitada, cantidad_recibida, precio_unitario, subtotal) VALUES (@id_orden_15, 22, 17, 0, 139.79, 2376.43);
INSERT INTO detalle_orden_compra (id_orden, id_producto, cantidad_solicitada, cantidad_recibida, precio_unitario, subtotal) VALUES (@id_orden_15, 3, 9, 0, 77.89, 701.01);
INSERT INTO detalle_orden_compra (id_orden, id_producto, cantidad_solicitada, cantidad_recibida, precio_unitario, subtotal) VALUES (@id_orden_15, 35, 3, 0, 31.06, 93.18);
INSERT INTO detalle_orden_compra (id_orden, id_producto, cantidad_solicitada, cantidad_recibida, precio_unitario, subtotal) VALUES (@id_orden_15, 26, 10, 0, 60.58, 605.8);
INSERT INTO detalle_orden_compra (id_orden, id_producto, cantidad_solicitada, cantidad_recibida, precio_unitario, subtotal) VALUES (@id_orden_15, 48, 15, 0, 118.55, 1778.25);
UPDATE ordenes_compra SET subtotal = 5554.669999999999, igv = 999.84, total = 6554.51 WHERE id_orden = @id_orden_15;
INSERT INTO ordenes_compra (id_proveedor, id_empleado, numero_orden, fecha, fecha_esperada, estado, subtotal, igv, total, observacion) VALUES (2, 5, 'OC-00016', '2026-02-18 04:32:30', '2026-03-17', 'borrador', 0, 0, 0, N'Orden de compra OC-00016');
DECLARE @id_orden_16 INT = SCOPE_IDENTITY();
INSERT INTO detalle_orden_compra (id_orden, id_producto, cantidad_solicitada, cantidad_recibida, precio_unitario, subtotal) VALUES (@id_orden_16, 75, 1, 0, 126.58, 126.58);
INSERT INTO detalle_orden_compra (id_orden, id_producto, cantidad_solicitada, cantidad_recibida, precio_unitario, subtotal) VALUES (@id_orden_16, 94, 12, 0, 128.71, 1544.52);
INSERT INTO detalle_orden_compra (id_orden, id_producto, cantidad_solicitada, cantidad_recibida, precio_unitario, subtotal) VALUES (@id_orden_16, 3, 19, 0, 15.08, 286.52);
UPDATE ordenes_compra SET subtotal = 1957.62, igv = 352.37, total = 2309.99 WHERE id_orden = @id_orden_16;
INSERT INTO ordenes_compra (id_proveedor, id_empleado, numero_orden, fecha, fecha_esperada, estado, subtotal, igv, total, observacion) VALUES (1, 2, 'OC-00017', '2026-06-01 04:32:30', '2026-06-29', 'anulada', 0, 0, 0, N'Orden de compra OC-00017');
DECLARE @id_orden_17 INT = SCOPE_IDENTITY();
INSERT INTO detalle_orden_compra (id_orden, id_producto, cantidad_solicitada, cantidad_recibida, precio_unitario, subtotal) VALUES (@id_orden_17, 92, 1, 0, 38.98, 38.98);
INSERT INTO detalle_orden_compra (id_orden, id_producto, cantidad_solicitada, cantidad_recibida, precio_unitario, subtotal) VALUES (@id_orden_17, 49, 10, 0, 10.23, 102.3);
INSERT INTO detalle_orden_compra (id_orden, id_producto, cantidad_solicitada, cantidad_recibida, precio_unitario, subtotal) VALUES (@id_orden_17, 40, 18, 0, 110.7, 1992.6);
UPDATE ordenes_compra SET subtotal = 2133.88, igv = 384.1, total = 2517.98 WHERE id_orden = @id_orden_17;
INSERT INTO ordenes_compra (id_proveedor, id_empleado, numero_orden, fecha, fecha_esperada, estado, subtotal, igv, total, observacion) VALUES (5, 1, 'OC-00018', '2026-05-26 04:32:30', '2026-06-06', 'borrador', 0, 0, 0, N'Orden de compra OC-00018');
DECLARE @id_orden_18 INT = SCOPE_IDENTITY();
INSERT INTO detalle_orden_compra (id_orden, id_producto, cantidad_solicitada, cantidad_recibida, precio_unitario, subtotal) VALUES (@id_orden_18, 19, 2, 0, 107.92, 215.84);
INSERT INTO detalle_orden_compra (id_orden, id_producto, cantidad_solicitada, cantidad_recibida, precio_unitario, subtotal) VALUES (@id_orden_18, 30, 7, 0, 29.42, 205.94);
INSERT INTO detalle_orden_compra (id_orden, id_producto, cantidad_solicitada, cantidad_recibida, precio_unitario, subtotal) VALUES (@id_orden_18, 2, 17, 0, 49.13, 835.21);
INSERT INTO detalle_orden_compra (id_orden, id_producto, cantidad_solicitada, cantidad_recibida, precio_unitario, subtotal) VALUES (@id_orden_18, 79, 1, 0, 46.53, 46.53);
UPDATE ordenes_compra SET subtotal = 1303.52, igv = 234.63, total = 1538.15 WHERE id_orden = @id_orden_18;
INSERT INTO ordenes_compra (id_proveedor, id_empleado, numero_orden, fecha, fecha_esperada, estado, subtotal, igv, total, observacion) VALUES (4, 4, 'OC-00019', '2026-03-24 04:32:30', '2026-04-13', 'enviada', 0, 0, 0, N'Orden de compra OC-00019');
DECLARE @id_orden_19 INT = SCOPE_IDENTITY();
INSERT INTO detalle_orden_compra (id_orden, id_producto, cantidad_solicitada, cantidad_recibida, precio_unitario, subtotal) VALUES (@id_orden_19, 17, 12, 0, 119.27, 1431.24);
UPDATE ordenes_compra SET subtotal = 1431.24, igv = 257.62, total = 1688.86 WHERE id_orden = @id_orden_19;


-- INSERTS para la tabla 'ventas' y 'detalle_venta'
INSERT INTO ventas (id_cliente, id_empleado, id_serie, numero_comprobante, fecha, subtotal, igv, total, estado, observacion) VALUES (3, 1, 1, 'V-000001', '2026-04-11 04:32:30', 0, 0, 0, 'anulada', N'Venta V-000001');
DECLARE @id_venta_1 INT = SCOPE_IDENTITY();
INSERT INTO detalle_venta (id_venta, id_producto, cantidad, precio_unitario, subtotal) VALUES (@id_venta_1, 89, 6, 136.69, 820.14);
INSERT INTO detalle_venta (id_venta, id_producto, cantidad, precio_unitario, subtotal) VALUES (@id_venta_1, 85, 9, 207.43, 1866.87);
UPDATE ventas SET subtotal = 2687.0099999999998, igv = 483.66, total = 3170.67 WHERE id_venta = @id_venta_1;
INSERT INTO ventas (id_cliente, id_empleado, id_serie, numero_comprobante, fecha, subtotal, igv, total, estado, observacion) VALUES (2, 1, 2, 'V-000002', '2026-06-12 04:32:30', 0, 0, 0, 'pendiente', N'Venta V-000002');
DECLARE @id_venta_2 INT = SCOPE_IDENTITY();
INSERT INTO detalle_venta (id_venta, id_producto, cantidad, precio_unitario, subtotal) VALUES (@id_venta_2, 1, 7, 36.11, 252.77);
INSERT INTO detalle_venta (id_venta, id_producto, cantidad, precio_unitario, subtotal) VALUES (@id_venta_2, 53, 4, 69.37, 277.48);
UPDATE ventas SET subtotal = 530.25, igv = 95.44, total = 625.69 WHERE id_venta = @id_venta_2;
INSERT INTO ventas (id_cliente, id_empleado, id_serie, numero_comprobante, fecha, subtotal, igv, total, estado, observacion) VALUES (4, 2, 2, 'V-000003', '2026-03-29 04:32:30', 0, 0, 0, 'anulada', N'Venta V-000003');
DECLARE @id_venta_3 INT = SCOPE_IDENTITY();
INSERT INTO detalle_venta (id_venta, id_producto, cantidad, precio_unitario, subtotal) VALUES (@id_venta_3, 57, 2, 90.33, 180.66);
INSERT INTO detalle_venta (id_venta, id_producto, cantidad, precio_unitario, subtotal) VALUES (@id_venta_3, 73, 10, 160.06, 1600.6);
UPDATE ventas SET subtotal = 1781.26, igv = 320.63, total = 2101.89 WHERE id_venta = @id_venta_3;
INSERT INTO ventas (id_cliente, id_empleado, id_serie, numero_comprobante, fecha, subtotal, igv, total, estado, observacion) VALUES (1, 4, 3, 'V-000004', '2026-05-20 04:32:30', 0, 0, 0, 'pendiente', N'Venta V-000004');
DECLARE @id_venta_4 INT = SCOPE_IDENTITY();
INSERT INTO detalle_venta (id_venta, id_producto, cantidad, precio_unitario, subtotal) VALUES (@id_venta_4, 84, 3, 175.41, 526.23);
INSERT INTO detalle_venta (id_venta, id_producto, cantidad, precio_unitario, subtotal) VALUES (@id_venta_4, 92, 7, 166.01, 1162.07);
INSERT INTO detalle_venta (id_venta, id_producto, cantidad, precio_unitario, subtotal) VALUES (@id_venta_4, 25, 7, 31.93, 223.51);
INSERT INTO detalle_venta (id_venta, id_producto, cantidad, precio_unitario, subtotal) VALUES (@id_venta_4, 84, 8, 133.67, 1069.36);
UPDATE ventas SET subtotal = 2981.17, igv = 536.61, total = 3517.78 WHERE id_venta = @id_venta_4;
INSERT INTO ventas (id_cliente, id_empleado, id_serie, numero_comprobante, fecha, subtotal, igv, total, estado, observacion) VALUES (NULL, 4, 2, 'V-000005', '2026-05-31 04:32:30', 0, 0, 0, 'anulada', N'Venta V-000005');
DECLARE @id_venta_5 INT = SCOPE_IDENTITY();
INSERT INTO detalle_venta (id_venta, id_producto, cantidad, precio_unitario, subtotal) VALUES (@id_venta_5, 37, 7, 63.36, 443.52);
UPDATE ventas SET subtotal = 443.52, igv = 79.83, total = 523.35 WHERE id_venta = @id_venta_5;
INSERT INTO ventas (id_cliente, id_empleado, id_serie, numero_comprobante, fecha, subtotal, igv, total, estado, observacion) VALUES (6, 2, 3, 'V-000006', '2026-05-10 04:32:30', 0, 0, 0, 'anulada', N'Venta V-000006');
DECLARE @id_venta_6 INT = SCOPE_IDENTITY();
INSERT INTO detalle_venta (id_venta, id_producto, cantidad, precio_unitario, subtotal) VALUES (@id_venta_6, 64, 5, 176.19, 880.95);
INSERT INTO detalle_venta (id_venta, id_producto, cantidad, precio_unitario, subtotal) VALUES (@id_venta_6, 90, 2, 98.49, 196.98);
INSERT INTO detalle_venta (id_venta, id_producto, cantidad, precio_unitario, subtotal) VALUES (@id_venta_6, 36, 10, 47.11, 471.1);
UPDATE ventas SET subtotal = 1549.0300000000002, igv = 278.83, total = 1827.86 WHERE id_venta = @id_venta_6;
INSERT INTO ventas (id_cliente, id_empleado, id_serie, numero_comprobante, fecha, subtotal, igv, total, estado, observacion) VALUES (7, 2, 1, 'V-000007', '2026-05-07 04:32:30', 0, 0, 0, 'pendiente', N'Venta V-000007');
DECLARE @id_venta_7 INT = SCOPE_IDENTITY();
INSERT INTO detalle_venta (id_venta, id_producto, cantidad, precio_unitario, subtotal) VALUES (@id_venta_7, 70, 1, 189.57, 189.57);
UPDATE ventas SET subtotal = 189.57, igv = 34.12, total = 223.69 WHERE id_venta = @id_venta_7;
INSERT INTO ventas (id_cliente, id_empleado, id_serie, numero_comprobante, fecha, subtotal, igv, total, estado, observacion) VALUES (NULL, 2, 3, 'V-000008', '2026-05-31 04:32:30', 0, 0, 0, 'pendiente', N'Venta V-000008');
DECLARE @id_venta_8 INT = SCOPE_IDENTITY();
INSERT INTO detalle_venta (id_venta, id_producto, cantidad, precio_unitario, subtotal) VALUES (@id_venta_8, 89, 3, 94.94, 284.82);
UPDATE ventas SET subtotal = 284.82, igv = 51.27, total = 336.09 WHERE id_venta = @id_venta_8;
INSERT INTO ventas (id_cliente, id_empleado, id_serie, numero_comprobante, fecha, subtotal, igv, total, estado, observacion) VALUES (6, 4, 2, 'V-000009', '2026-06-14 04:32:30', 0, 0, 0, 'pendiente', N'Venta V-000009');
DECLARE @id_venta_9 INT = SCOPE_IDENTITY();
INSERT INTO detalle_venta (id_venta, id_producto, cantidad, precio_unitario, subtotal) VALUES (@id_venta_9, 89, 7, 220.45, 1543.15);
INSERT INTO detalle_venta (id_venta, id_producto, cantidad, precio_unitario, subtotal) VALUES (@id_venta_9, 11, 10, 142.91, 1429.1);
UPDATE ventas SET subtotal = 2972.25, igv = 535.0, total = 3507.25 WHERE id_venta = @id_venta_9;
INSERT INTO ventas (id_cliente, id_empleado, id_serie, numero_comprobante, fecha, subtotal, igv, total, estado, observacion) VALUES (1, 2, 1, 'V-000010', '2026-03-31 04:32:30', 0, 0, 0, 'anulada', N'Venta V-000010');
DECLARE @id_venta_10 INT = SCOPE_IDENTITY();
INSERT INTO detalle_venta (id_venta, id_producto, cantidad, precio_unitario, subtotal) VALUES (@id_venta_10, 100, 4, 129.23, 516.92);
INSERT INTO detalle_venta (id_venta, id_producto, cantidad, precio_unitario, subtotal) VALUES (@id_venta_10, 55, 5, 109.53, 547.65);
INSERT INTO detalle_venta (id_venta, id_producto, cantidad, precio_unitario, subtotal) VALUES (@id_venta_10, 5, 2, 65.13, 130.26);
INSERT INTO detalle_venta (id_venta, id_producto, cantidad, precio_unitario, subtotal) VALUES (@id_venta_10, 50, 8, 108.96, 871.68);
UPDATE ventas SET subtotal = 2066.5099999999998, igv = 371.97, total = 2438.48 WHERE id_venta = @id_venta_10;
INSERT INTO ventas (id_cliente, id_empleado, id_serie, numero_comprobante, fecha, subtotal, igv, total, estado, observacion) VALUES (2, 4, 1, 'V-000011', '2026-06-20 04:32:30', 0, 0, 0, 'pagada', N'Venta V-000011');
DECLARE @id_venta_11 INT = SCOPE_IDENTITY();
INSERT INTO detalle_venta (id_venta, id_producto, cantidad, precio_unitario, subtotal) VALUES (@id_venta_11, 31, 3, 211.24, 633.72);
INSERT INTO detalle_venta (id_venta, id_producto, cantidad, precio_unitario, subtotal) VALUES (@id_venta_11, 35, 2, 197.56, 395.12);
UPDATE ventas SET subtotal = 1028.8400000000001, igv = 185.19, total = 1214.03 WHERE id_venta = @id_venta_11;
INSERT INTO ventas (id_cliente, id_empleado, id_serie, numero_comprobante, fecha, subtotal, igv, total, estado, observacion) VALUES (1, 5, 2, 'V-000012', '2026-03-28 04:32:30', 0, 0, 0, 'anulada', N'Venta V-000012');
DECLARE @id_venta_12 INT = SCOPE_IDENTITY();
INSERT INTO detalle_venta (id_venta, id_producto, cantidad, precio_unitario, subtotal) VALUES (@id_venta_12, 67, 8, 240.35, 1922.8);
UPDATE ventas SET subtotal = 1922.8, igv = 346.1, total = 2268.9 WHERE id_venta = @id_venta_12;
INSERT INTO ventas (id_cliente, id_empleado, id_serie, numero_comprobante, fecha, subtotal, igv, total, estado, observacion) VALUES (10, 5, 1, 'V-000013', '2026-05-14 04:32:30', 0, 0, 0, 'anulada', N'Venta V-000013');
DECLARE @id_venta_13 INT = SCOPE_IDENTITY();
INSERT INTO detalle_venta (id_venta, id_producto, cantidad, precio_unitario, subtotal) VALUES (@id_venta_13, 68, 10, 200.4, 2004.0);
INSERT INTO detalle_venta (id_venta, id_producto, cantidad, precio_unitario, subtotal) VALUES (@id_venta_13, 79, 9, 76.21, 685.89);
INSERT INTO detalle_venta (id_venta, id_producto, cantidad, precio_unitario, subtotal) VALUES (@id_venta_13, 82, 4, 241.53, 966.12);
INSERT INTO detalle_venta (id_venta, id_producto, cantidad, precio_unitario, subtotal) VALUES (@id_venta_13, 27, 4, 219.4, 877.6);
UPDATE ventas SET subtotal = 4533.61, igv = 816.05, total = 5349.66 WHERE id_venta = @id_venta_13;
INSERT INTO ventas (id_cliente, id_empleado, id_serie, numero_comprobante, fecha, subtotal, igv, total, estado, observacion) VALUES (NULL, 1, 3, 'V-000014', '2026-06-04 04:32:30', 0, 0, 0, 'pagada', N'Venta V-000014');
DECLARE @id_venta_14 INT = SCOPE_IDENTITY();
INSERT INTO detalle_venta (id_venta, id_producto, cantidad, precio_unitario, subtotal) VALUES (@id_venta_14, 3, 6, 198.7, 1192.2);
UPDATE ventas SET subtotal = 1192.2, igv = 214.6, total = 1406.8 WHERE id_venta = @id_venta_14;
INSERT INTO ventas (id_cliente, id_empleado, id_serie, numero_comprobante, fecha, subtotal, igv, total, estado, observacion) VALUES (1, 5, 3, 'V-000015', '2026-06-22 04:32:30', 0, 0, 0, 'anulada', N'Venta V-000015');
DECLARE @id_venta_15 INT = SCOPE_IDENTITY();
INSERT INTO detalle_venta (id_venta, id_producto, cantidad, precio_unitario, subtotal) VALUES (@id_venta_15, 36, 4, 100.42, 401.68);
INSERT INTO detalle_venta (id_venta, id_producto, cantidad, precio_unitario, subtotal) VALUES (@id_venta_15, 78, 8, 15.87, 126.96);
INSERT INTO detalle_venta (id_venta, id_producto, cantidad, precio_unitario, subtotal) VALUES (@id_venta_15, 51, 7, 225.63, 1579.41);
UPDATE ventas SET subtotal = 2108.05, igv = 379.45, total = 2487.5 WHERE id_venta = @id_venta_15;
INSERT INTO ventas (id_cliente, id_empleado, id_serie, numero_comprobante, fecha, subtotal, igv, total, estado, observacion) VALUES (2, 5, 1, 'V-000016', '2026-06-09 04:32:30', 0, 0, 0, 'anulada', N'Venta V-000016');
DECLARE @id_venta_16 INT = SCOPE_IDENTITY();
INSERT INTO detalle_venta (id_venta, id_producto, cantidad, precio_unitario, subtotal) VALUES (@id_venta_16, 16, 5, 41.99, 209.95);
INSERT INTO detalle_venta (id_venta, id_producto, cantidad, precio_unitario, subtotal) VALUES (@id_venta_16, 70, 8, 174.55, 1396.4);
UPDATE ventas SET subtotal = 1606.3500000000001, igv = 289.14, total = 1895.49 WHERE id_venta = @id_venta_16;
INSERT INTO ventas (id_cliente, id_empleado, id_serie, numero_comprobante, fecha, subtotal, igv, total, estado, observacion) VALUES (10, 3, 1, 'V-000017', '2026-04-08 04:32:30', 0, 0, 0, 'pendiente', N'Venta V-000017');
DECLARE @id_venta_17 INT = SCOPE_IDENTITY();
INSERT INTO detalle_venta (id_venta, id_producto, cantidad, precio_unitario, subtotal) VALUES (@id_venta_17, 4, 6, 80.43, 482.58);
INSERT INTO detalle_venta (id_venta, id_producto, cantidad, precio_unitario, subtotal) VALUES (@id_venta_17, 42, 9, 181.2, 1630.8);
INSERT INTO detalle_venta (id_venta, id_producto, cantidad, precio_unitario, subtotal) VALUES (@id_venta_17, 22, 7, 41.32, 289.24);
INSERT INTO detalle_venta (id_venta, id_producto, cantidad, precio_unitario, subtotal) VALUES (@id_venta_17, 33, 1, 248.27, 248.27);
UPDATE ventas SET subtotal = 2650.89, igv = 477.16, total = 3128.05 WHERE id_venta = @id_venta_17;
INSERT INTO ventas (id_cliente, id_empleado, id_serie, numero_comprobante, fecha, subtotal, igv, total, estado, observacion) VALUES (6, 2, 1, 'V-000018', '2026-06-14 04:32:30', 0, 0, 0, 'pendiente', N'Venta V-000018');
DECLARE @id_venta_18 INT = SCOPE_IDENTITY();
INSERT INTO detalle_venta (id_venta, id_producto, cantidad, precio_unitario, subtotal) VALUES (@id_venta_18, 10, 7, 246.14, 1722.98);
INSERT INTO detalle_venta (id_venta, id_producto, cantidad, precio_unitario, subtotal) VALUES (@id_venta_18, 59, 4, 224.56, 898.24);
UPDATE ventas SET subtotal = 2621.2200000000003, igv = 471.82, total = 3093.04 WHERE id_venta = @id_venta_18;
INSERT INTO ventas (id_cliente, id_empleado, id_serie, numero_comprobante, fecha, subtotal, igv, total, estado, observacion) VALUES (9, 1, 3, 'V-000019', '2026-04-17 04:32:30', 0, 0, 0, 'pagada', N'Venta V-000019');
DECLARE @id_venta_19 INT = SCOPE_IDENTITY();
INSERT INTO detalle_venta (id_venta, id_producto, cantidad, precio_unitario, subtotal) VALUES (@id_venta_19, 26, 2, 38.68, 77.36);
INSERT INTO detalle_venta (id_venta, id_producto, cantidad, precio_unitario, subtotal) VALUES (@id_venta_19, 84, 8, 101.95, 815.6);
UPDATE ventas SET subtotal = 892.96, igv = 160.73, total = 1053.69 WHERE id_venta = @id_venta_19;
INSERT INTO ventas (id_cliente, id_empleado, id_serie, numero_comprobante, fecha, subtotal, igv, total, estado, observacion) VALUES (2, 2, 2, 'V-000020', '2026-05-10 04:32:30', 0, 0, 0, 'pagada', N'Venta V-000020');
DECLARE @id_venta_20 INT = SCOPE_IDENTITY();
INSERT INTO detalle_venta (id_venta, id_producto, cantidad, precio_unitario, subtotal) VALUES (@id_venta_20, 37, 10, 132.33, 1323.3);
INSERT INTO detalle_venta (id_venta, id_producto, cantidad, precio_unitario, subtotal) VALUES (@id_venta_20, 90, 9, 134.22, 1207.98);
INSERT INTO detalle_venta (id_venta, id_producto, cantidad, precio_unitario, subtotal) VALUES (@id_venta_20, 80, 4, 207.84, 831.36);
UPDATE ventas SET subtotal = 3362.64, igv = 605.28, total = 3967.92 WHERE id_venta = @id_venta_20;
INSERT INTO ventas (id_cliente, id_empleado, id_serie, numero_comprobante, fecha, subtotal, igv, total, estado, observacion) VALUES (7, 4, 1, 'V-000021', '2026-06-05 04:32:30', 0, 0, 0, 'pagada', N'Venta V-000021');
DECLARE @id_venta_21 INT = SCOPE_IDENTITY();
INSERT INTO detalle_venta (id_venta, id_producto, cantidad, precio_unitario, subtotal) VALUES (@id_venta_21, 71, 1, 56.37, 56.37);
INSERT INTO detalle_venta (id_venta, id_producto, cantidad, precio_unitario, subtotal) VALUES (@id_venta_21, 86, 7, 195.37, 1367.59);
INSERT INTO detalle_venta (id_venta, id_producto, cantidad, precio_unitario, subtotal) VALUES (@id_venta_21, 88, 9, 190.05, 1710.45);
INSERT INTO detalle_venta (id_venta, id_producto, cantidad, precio_unitario, subtotal) VALUES (@id_venta_21, 89, 10, 144.7, 1447.0);
UPDATE ventas SET subtotal = 4581.41, igv = 824.65, total = 5406.06 WHERE id_venta = @id_venta_21;
INSERT INTO ventas (id_cliente, id_empleado, id_serie, numero_comprobante, fecha, subtotal, igv, total, estado, observacion) VALUES (9, 5, 1, 'V-000022', '2026-03-27 04:32:30', 0, 0, 0, 'pendiente', N'Venta V-000022');
DECLARE @id_venta_22 INT = SCOPE_IDENTITY();
INSERT INTO detalle_venta (id_venta, id_producto, cantidad, precio_unitario, subtotal) VALUES (@id_venta_22, 3, 6, 23.31, 139.86);
INSERT INTO detalle_venta (id_venta, id_producto, cantidad, precio_unitario, subtotal) VALUES (@id_venta_22, 37, 1, 38.58, 38.58);
INSERT INTO detalle_venta (id_venta, id_producto, cantidad, precio_unitario, subtotal) VALUES (@id_venta_22, 98, 1, 197.56, 197.56);
INSERT INTO detalle_venta (id_venta, id_producto, cantidad, precio_unitario, subtotal) VALUES (@id_venta_22, 73, 10, 153.17, 1531.7);
UPDATE ventas SET subtotal = 1907.7, igv = 343.39, total = 2251.09 WHERE id_venta = @id_venta_22;
INSERT INTO ventas (id_cliente, id_empleado, id_serie, numero_comprobante, fecha, subtotal, igv, total, estado, observacion) VALUES (7, 4, 3, 'V-000023', '2026-05-22 04:32:30', 0, 0, 0, 'pagada', N'Venta V-000023');
DECLARE @id_venta_23 INT = SCOPE_IDENTITY();
INSERT INTO detalle_venta (id_venta, id_producto, cantidad, precio_unitario, subtotal) VALUES (@id_venta_23, 50, 4, 140.51, 562.04);
INSERT INTO detalle_venta (id_venta, id_producto, cantidad, precio_unitario, subtotal) VALUES (@id_venta_23, 7, 1, 125.71, 125.71);
INSERT INTO detalle_venta (id_venta, id_producto, cantidad, precio_unitario, subtotal) VALUES (@id_venta_23, 19, 1, 228.35, 228.35);
INSERT INTO detalle_venta (id_venta, id_producto, cantidad, precio_unitario, subtotal) VALUES (@id_venta_23, 99, 3, 200.08, 600.24);
UPDATE ventas SET subtotal = 1516.3400000000001, igv = 272.94, total = 1789.28 WHERE id_venta = @id_venta_23;
INSERT INTO ventas (id_cliente, id_empleado, id_serie, numero_comprobante, fecha, subtotal, igv, total, estado, observacion) VALUES (2, 1, 3, 'V-000024', '2026-04-14 04:32:30', 0, 0, 0, 'anulada', N'Venta V-000024');
DECLARE @id_venta_24 INT = SCOPE_IDENTITY();
INSERT INTO detalle_venta (id_venta, id_producto, cantidad, precio_unitario, subtotal) VALUES (@id_venta_24, 63, 8, 247.25, 1978.0);
INSERT INTO detalle_venta (id_venta, id_producto, cantidad, precio_unitario, subtotal) VALUES (@id_venta_24, 87, 2, 42.24, 84.48);
INSERT INTO detalle_venta (id_venta, id_producto, cantidad, precio_unitario, subtotal) VALUES (@id_venta_24, 42, 7, 18.62, 130.34);
INSERT INTO detalle_venta (id_venta, id_producto, cantidad, precio_unitario, subtotal) VALUES (@id_venta_24, 42, 6, 70.44, 422.64);
UPDATE ventas SET subtotal = 2615.46, igv = 470.78, total = 3086.24 WHERE id_venta = @id_venta_24;
INSERT INTO ventas (id_cliente, id_empleado, id_serie, numero_comprobante, fecha, subtotal, igv, total, estado, observacion) VALUES (3, 1, 2, 'V-000025', '2026-06-13 04:32:30', 0, 0, 0, 'anulada', N'Venta V-000025');
DECLARE @id_venta_25 INT = SCOPE_IDENTITY();
INSERT INTO detalle_venta (id_venta, id_producto, cantidad, precio_unitario, subtotal) VALUES (@id_venta_25, 97, 5, 154.27, 771.35);
UPDATE ventas SET subtotal = 771.35, igv = 138.84, total = 910.19 WHERE id_venta = @id_venta_25;
INSERT INTO ventas (id_cliente, id_empleado, id_serie, numero_comprobante, fecha, subtotal, igv, total, estado, observacion) VALUES (7, 3, 1, 'V-000026', '2026-05-12 04:32:30', 0, 0, 0, 'pendiente', N'Venta V-000026');
DECLARE @id_venta_26 INT = SCOPE_IDENTITY();
INSERT INTO detalle_venta (id_venta, id_producto, cantidad, precio_unitario, subtotal) VALUES (@id_venta_26, 92, 3, 103.58, 310.74);
UPDATE ventas SET subtotal = 310.74, igv = 55.93, total = 366.67 WHERE id_venta = @id_venta_26;
INSERT INTO ventas (id_cliente, id_empleado, id_serie, numero_comprobante, fecha, subtotal, igv, total, estado, observacion) VALUES (NULL, 4, 3, 'V-000027', '2026-04-09 04:32:30', 0, 0, 0, 'anulada', N'Venta V-000027');
DECLARE @id_venta_27 INT = SCOPE_IDENTITY();
INSERT INTO detalle_venta (id_venta, id_producto, cantidad, precio_unitario, subtotal) VALUES (@id_venta_27, 41, 7, 75.94, 531.58);
INSERT INTO detalle_venta (id_venta, id_producto, cantidad, precio_unitario, subtotal) VALUES (@id_venta_27, 3, 2, 15.04, 30.08);
INSERT INTO detalle_venta (id_venta, id_producto, cantidad, precio_unitario, subtotal) VALUES (@id_venta_27, 48, 5, 130.43, 652.15);
UPDATE ventas SET subtotal = 1213.81, igv = 218.49, total = 1432.3 WHERE id_venta = @id_venta_27;
INSERT INTO ventas (id_cliente, id_empleado, id_serie, numero_comprobante, fecha, subtotal, igv, total, estado, observacion) VALUES (7, 5, 1, 'V-000028', '2026-03-28 04:32:30', 0, 0, 0, 'anulada', N'Venta V-000028');
DECLARE @id_venta_28 INT = SCOPE_IDENTITY();
INSERT INTO detalle_venta (id_venta, id_producto, cantidad, precio_unitario, subtotal) VALUES (@id_venta_28, 56, 3, 237.43, 712.29);
INSERT INTO detalle_venta (id_venta, id_producto, cantidad, precio_unitario, subtotal) VALUES (@id_venta_28, 26, 4, 132.39, 529.56);
INSERT INTO detalle_venta (id_venta, id_producto, cantidad, precio_unitario, subtotal) VALUES (@id_venta_28, 70, 8, 23.28, 186.24);
INSERT INTO detalle_venta (id_venta, id_producto, cantidad, precio_unitario, subtotal) VALUES (@id_venta_28, 28, 7, 226.73, 1587.11);
UPDATE ventas SET subtotal = 3015.2, igv = 542.74, total = 3557.94 WHERE id_venta = @id_venta_28;
INSERT INTO ventas (id_cliente, id_empleado, id_serie, numero_comprobante, fecha, subtotal, igv, total, estado, observacion) VALUES (NULL, 4, 3, 'V-000029', '2026-04-18 04:32:30', 0, 0, 0, 'pendiente', N'Venta V-000029');
DECLARE @id_venta_29 INT = SCOPE_IDENTITY();
INSERT INTO detalle_venta (id_venta, id_producto, cantidad, precio_unitario, subtotal) VALUES (@id_venta_29, 73, 2, 129.52, 259.04);
UPDATE ventas SET subtotal = 259.04, igv = 46.63, total = 305.67 WHERE id_venta = @id_venta_29;


-- INSERTS para la tabla 'devoluciones' y 'detalle_devolucion'
INSERT INTO devoluciones (id_venta, id_empleado, fecha, motivo, tipo, estado, monto_reembolso) VALUES (2, 1, '2026-06-10 04:32:30', N'Cambio de opinión', 'reembolso', 'pendiente', 73.12);
DECLARE @id_devolucion_1 INT = SCOPE_IDENTITY();
INSERT INTO detalle_devolucion (id_devolucion, id_producto, cantidad, reingresa_stock, precio_devuelto) VALUES (@id_devolucion_1, 69, 2, 1, 42.38);
INSERT INTO detalle_devolucion (id_devolucion, id_producto, cantidad, reingresa_stock, precio_devuelto) VALUES (@id_devolucion_1, 86, 2, 0, 16.94);
INSERT INTO devoluciones (id_venta, id_empleado, fecha, motivo, tipo, estado, monto_reembolso) VALUES (17, 3, '2026-06-01 04:32:30', N'Producto defectuoso', 'reembolso', 'procesada', 61.35);
DECLARE @id_devolucion_2 INT = SCOPE_IDENTITY();
INSERT INTO detalle_devolucion (id_devolucion, id_producto, cantidad, reingresa_stock, precio_devuelto) VALUES (@id_devolucion_2, 55, 1, 0, 15.44);
INSERT INTO devoluciones (id_venta, id_empleado, fecha, motivo, tipo, estado, monto_reembolso) VALUES (13, 1, '2026-06-06 04:32:30', N'Cambio de opinión', 'cambio', 'procesada', 68.75);
DECLARE @id_devolucion_3 INT = SCOPE_IDENTITY();
INSERT INTO detalle_devolucion (id_devolucion, id_producto, cantidad, reingresa_stock, precio_devuelto) VALUES (@id_devolucion_3, 54, 3, 1, 25.77);
INSERT INTO detalle_devolucion (id_devolucion, id_producto, cantidad, reingresa_stock, precio_devuelto) VALUES (@id_devolucion_3, 75, 1, 1, 34.37);
INSERT INTO devoluciones (id_venta, id_empleado, fecha, motivo, tipo, estado, monto_reembolso) VALUES (7, 3, '2026-06-10 04:32:30', N'Cambio de opinión', 'reembolso', 'procesada', 43.08);
DECLARE @id_devolucion_4 INT = SCOPE_IDENTITY();
INSERT INTO detalle_devolucion (id_devolucion, id_producto, cantidad, reingresa_stock, precio_devuelto) VALUES (@id_devolucion_4, 95, 3, 1, 71.57);
INSERT INTO devoluciones (id_venta, id_empleado, fecha, motivo, tipo, estado, monto_reembolso) VALUES (9, 1, '2026-06-02 04:32:30', N'No es lo que esperaba', 'cambio', 'anulada', 94.4);
DECLARE @id_devolucion_5 INT = SCOPE_IDENTITY();
INSERT INTO detalle_devolucion (id_devolucion, id_producto, cantidad, reingresa_stock, precio_devuelto) VALUES (@id_devolucion_5, 85, 2, 1, 10.47);
INSERT INTO devoluciones (id_venta, id_empleado, fecha, motivo, tipo, estado, monto_reembolso) VALUES (13, 4, '2026-05-30 04:32:30', N'Talla incorrecta', 'cambio', 'procesada', 33.73);
DECLARE @id_devolucion_6 INT = SCOPE_IDENTITY();
INSERT INTO detalle_devolucion (id_devolucion, id_producto, cantidad, reingresa_stock, precio_devuelto) VALUES (@id_devolucion_6, 47, 1, 0, 21.37);
INSERT INTO detalle_devolucion (id_devolucion, id_producto, cantidad, reingresa_stock, precio_devuelto) VALUES (@id_devolucion_6, 8, 1, 1, 26.66);
INSERT INTO devoluciones (id_venta, id_empleado, fecha, motivo, tipo, estado, monto_reembolso) VALUES (8, 3, '2026-06-05 04:32:30', N'No es lo que esperaba', 'cambio', 'anulada', 47.57);
DECLARE @id_devolucion_7 INT = SCOPE_IDENTITY();
INSERT INTO detalle_devolucion (id_devolucion, id_producto, cantidad, reingresa_stock, precio_devuelto) VALUES (@id_devolucion_7, 89, 3, 0, 74.39);
INSERT INTO devoluciones (id_venta, id_empleado, fecha, motivo, tipo, estado, monto_reembolso) VALUES (8, 2, '2026-06-23 04:32:30', N'No es lo que esperaba', 'cambio', 'pendiente', 52.79);
DECLARE @id_devolucion_8 INT = SCOPE_IDENTITY();
INSERT INTO detalle_devolucion (id_devolucion, id_producto, cantidad, reingresa_stock, precio_devuelto) VALUES (@id_devolucion_8, 3, 3, 1, 43.78);
INSERT INTO devoluciones (id_venta, id_empleado, fecha, motivo, tipo, estado, monto_reembolso) VALUES (13, 4, '2026-06-14 04:32:30', N'Cambio de opinión', 'reembolso', 'pendiente', 91.12);
DECLARE @id_devolucion_9 INT = SCOPE_IDENTITY();
INSERT INTO detalle_devolucion (id_devolucion, id_producto, cantidad, reingresa_stock, precio_devuelto) VALUES (@id_devolucion_9, 61, 2, 0, 71.06);

